id,default
10000,0
10001,0
10002,0
10003,0
10004,0
10005,1
10006,0
10007,0
10008,0
10009,0
10010,0
10011,1
10012,0
10013,1
10014,1
10015,0
10016,1
10017,0
10018,0
10019,1
10020,0
10021,0
10022,0
10023,0
10024,0
10025,0
10026,0
10027,0
10028,0
10029,1
10030,1
10031,0
10032,0
10033,1
10034,0
10035,0
10036,0
10037,0
10038,0
10039,0
10040,0
10041,0
10042,1
10043,0
10044,0
10045,0
10046,0
10047,0
10048,0
10049,1
10050,0
10051,0
10052,0
10053,0
10054,0
10055,0
10056,1
10057,0
10058,0
10059,0
10060,1
10061,0
10062,1
10063,0
10064,1
10065,0
10066,0
10067,0
10068,1
10069,0
10070,1
10071,1
10072,0
10073,0
10074,0
10075,0
10076,0
10077,1
10078,0
10079,1
10080,0
10081,0
10082,0
10083,0
10084,0
10085,0
10086,0
10087,1
10088,0
10089,0
10090,0
10091,1
10092,1
10093,0
10094,0
10095,0
10096,1
10097,1
10098,0
10099,0
10100,0
10101,0
10102,1
10103,0
10104,0
10105,0
10106,0
10107,1
10108,0
10109,1
10110,0
10111,0
10112,0
10113,0
10114,0
10115,0
10116,0
10117,1
10118,0
10119,1
10120,0
10121,0
10122,0
10123,0
10124,1
10125,0
10126,0
10127,1
10128,0
10129,0
10130,0
10131,1
10132,0
10133,1
10134,0
10135,0
10136,0
10137,1
10138,0
10139,0
10140,0
10141,0
10142,0
10143,0
10144,1
10145,0
10146,0
10147,1
10148,1
10149,0
10150,0
10151,1
10152,0
10153,0
10154,0
10155,1
10156,0
10157,1
10158,0
10159,0
10160,0
10161,1
10162,1
10163,0
10164,0
10165,0
10166,0
10167,0
10168,0
10169,1
10170,0
10171,0
10172,0
10173,0
10174,0
10175,0
10176,0
10177,0
10178,0
10179,0
10180,1
10181,1
10182,0
10183,0
10184,1
10185,1
10186,0
10187,0
10188,0
10189,0
10190,0
10191,0
10192,1
10193,0
10194,0
10195,0
10196,0
10197,1
10198,1
10199,0
10200,0
10201,0
10202,0
10203,1
10204,0
10205,0
10206,0
10207,1
10208,0
10209,0
10210,0
10211,0
10212,0
10213,0
10214,0
10215,1
10216,1
10217,1
10218,0
10219,0
10220,0
10221,0
10222,0
10223,0
10224,0
10225,0
10226,0
10227,0
10228,0
10229,0
10230,0
10231,0
10232,0
10233,0
10234,1
10235,0
10236,0
10237,0
10238,0
10239,0
10240,0
10241,0
10242,0
10243,0
10244,0
10245,1
10246,0
10247,0
10248,0
10249,0
10250,0
10251,1
10252,0
10253,0
10254,0
10255,1
10256,0
10257,1
10258,0
10259,0
10260,1
10261,0
10262,0
10263,0
10264,0
10265,0
10266,0
10267,0
10268,1
10269,0
10270,1
10271,1
10272,0
10273,0
10274,0
10275,1
10276,0
10277,0
10278,0
10279,1
10280,0
10281,0
10282,1
10283,0
10284,0
10285,0
10286,0
10287,0
10288,1
10289,0
10290,0
10291,1
10292,1
10293,1
10294,0
10295,1
10296,1
10297,0
10298,0
10299,0
10300,1
10301,0
10302,0
10303,0
10304,0
10305,0
10306,0
10307,1
10308,1
10309,1
10310,0
10311,0
10312,0
10313,1
10314,0
10315,1
10316,0
10317,0
10318,0
10319,0
10320,0
10321,0
10322,0
10323,0
10324,0
10325,0
10326,0
10327,1
10328,0
10329,0
10330,1
10331,0
10332,0
10333,0
10334,0
10335,0
10336,0
10337,0
10338,0
10339,0
10340,1
10341,0
10342,0
10343,0
10344,1
10345,1
10346,0
10347,0
10348,0
10349,0
10350,0
10351,0
10352,0
10353,0
10354,0
10355,0
10356,0
10357,0
10358,0
10359,0
10360,0
10361,0
10362,1
10363,1
10364,0
10365,0
10366,0
10367,0
10368,0
10369,0
10370,0
10371,1
10372,0
10373,0
10374,0
10375,0
10376,0
10377,0
10378,0
10379,0
10380,0
10381,1
10382,0
10383,1
10384,0
10385,0
10386,0
10387,0
10388,0
10389,0
10390,0
10391,0
10392,0
10393,0
10394,0
10395,0
10396,0
10397,0
10398,0
10399,1
10400,0
10401,1
10402,0
10403,0
10404,0
10405,0
10406,1
10407,0
10408,0
10409,0
10410,0
10411,0
10412,0
10413,1
10414,0
10415,0
10416,0
10417,1
10418,0
10419,0
10420,0
10421,0
10422,1
10423,0
10424,1
10425,0
10426,1
10427,0
10428,0
10429,0
10430,0
10431,0
10432,1
10433,0
10434,0
10435,0
10436,0
10437,0
10438,0
10439,0
10440,1
10441,0
10442,0
10443,0
10444,1
10445,0
10446,0
10447,1
10448,0
10449,0
10450,0
10451,1
10452,0
10453,0
10454,0
10455,0
10456,0
10457,0
10458,0
10459,0
10460,1
10461,0
10462,0
10463,0
10464,0
10465,1
10466,0
10467,0
10468,0
10469,0
10470,0
10471,0
10472,0
10473,0
10474,0
10475,0
10476,0
10477,0
10478,1
10479,1
10480,0
10481,0
10482,0
10483,1
10484,0
10485,1
10486,0
10487,0
10488,1
10489,1
10490,0
10491,0
10492,0
10493,1
10494,0
10495,0
10496,1
10497,0
10498,1
10499,0
10500,0
10501,0
10502,1
10503,0
10504,0
10505,0
10506,0
10507,1
10508,0
10509,0
10510,0
10511,0
10512,0
10513,0
10514,0
10515,0
10516,0
10517,0
10518,0
10519,0
10520,0
10521,0
10522,0
10523,0
10524,0
10525,0
10526,0
10527,0
10528,0
10529,0
10530,0
10531,0
10532,1
10533,0
10534,1
10535,1
10536,1
10537,0
10538,1
10539,0
10540,0
10541,0
10542,1
10543,0
10544,0
10545,0
10546,1
10547,1
10548,0
10549,1
10550,0
10551,1
10552,0
10553,0
10554,1
10555,0
10556,0
10557,0
10558,0
10559,1
10560,0
10561,0
10562,0
10563,0
10564,0
10565,1
10566,0
10567,0
10568,0
10569,1
10570,0
10571,0
10572,0
10573,0
10574,1
10575,1
10576,1
10577,0
10578,0
10579,1
10580,0
10581,0
10582,0
10583,0
10584,1
10585,1
10586,0
10587,0
10588,0
10589,1
10590,0
10591,0
10592,0
10593,1
10594,0
10595,0
10596,1
10597,0
10598,1
10599,0
10600,0
10601,0
10602,0
10603,0
10604,1
10605,0
10606,0
10607,0
10608,1
10609,1
10610,0
10611,1
10612,0
10613,0
10614,0
10615,1
10616,0
10617,1
10618,0
10619,0
10620,0
10621,1
10622,0
10623,0
10624,1
10625,0
10626,0
10627,0
10628,0
10629,1
10630,1
10631,0
10632,0
10633,0
10634,0
10635,0
10636,0
10637,0
10638,0
10639,1
10640,1
10641,0
10642,0
10643,0
10644,0
10645,0
10646,0
10647,1
10648,0
10649,0
10650,0
10651,0
10652,0
10653,0
10654,1
10655,0
10656,0
10657,0
10658,1
10659,0
10660,0
10661,0
10662,0
10663,0
10664,0
10665,1
10666,0
10667,0
10668,0
10669,0
10670,1
10671,1
10672,0
10673,0
10674,1
10675,0
10676,0
10677,0
10678,0
10679,0
10680,0
10681,0
10682,0
10683,0
10684,0
10685,0
10686,0
10687,0
10688,0
10689,0
10690,0
10691,0
10692,0
10693,0
10694,1
10695,0
10696,0
10697,0
10698,1
10699,0
10700,0
10701,1
10702,0
10703,0
10704,0
10705,0
10706,0
10707,0
10708,0
10709,1
10710,0
10711,0
10712,0
10713,0
10714,1
10715,0
10716,0
10717,0
10718,0
10719,0
10720,0
10721,0
10722,0
10723,0
10724,1
10725,0
10726,1
10727,0
10728,0
10729,0
10730,0
10731,0
10732,0
10733,0
10734,0
10735,1
10736,0
10737,1
10738,0
10739,0
10740,0
10741,0
10742,0
10743,1
10744,0
10745,0
10746,0
10747,0
10748,0
10749,0
10750,0
10751,1
10752,0
10753,0
10754,0
10755,0
10756,0
10757,0
10758,0
10759,0
10760,0
10761,0
10762,0
10763,1
10764,0
10765,0
10766,0
10767,0
10768,0
10769,0
10770,0
10771,1
10772,1
10773,0
10774,0
10775,1
10776,0
10777,1
10778,0
10779,0
10780,0
10781,1
10782,0
10783,1
10784,0
10785,0
10786,0
10787,0
10788,0
10789,0
10790,0
10791,0
10792,0
10793,0
10794,0
10795,0
10796,0
10797,0
10798,1
10799,0
10800,0
10801,0
10802,0
10803,0
10804,0
10805,0
10806,1
10807,0
10808,0
10809,0
10810,0
10811,0
10812,0
10813,0
10814,0
10815,0
10816,0
10817,1
10818,0
10819,0
10820,1
10821,1
10822,0
10823,1
10824,1
10825,0
10826,1
10827,0
10828,0
10829,1
10830,0
10831,0
10832,0
10833,0
10834,0
10835,1
10836,1
10837,0
10838,0
10839,0
10840,0
10841,1
10842,0
10843,0
10844,0
10845,0
10846,0
10847,1
10848,0
10849,0
10850,0
10851,0
10852,0
10853,0
10854,0
10855,0
10856,0
10857,0
10858,0
10859,0
10860,0
10861,0
10862,0
10863,0
10864,0
10865,0
10866,1
10867,1
10868,0
10869,0
10870,1
10871,0
10872,0
10873,1
10874,0
10875,0
10876,1
10877,0
10878,0
10879,0
10880,0
10881,0
10882,0
10883,1
10884,0
10885,0
10886,0
10887,0
10888,0
10889,0
10890,0
10891,0
10892,0
10893,0
10894,0
10895,0
10896,0
10897,0
10898,0
10899,0
10900,0
10901,0
10902,0
10903,1
10904,0
10905,0
10906,0
10907,0
10908,0
10909,0
10910,1
10911,0
10912,0
10913,0
10914,0
10915,0
10916,0
10917,0
10918,0
10919,0
10920,1
10921,0
10922,0
10923,1
10924,0
10925,0
10926,1
10927,0
10928,0
10929,0
10930,0
10931,0
10932,0
10933,0
10934,0
10935,0
10936,0
10937,0
10938,1
10939,0
10940,0
10941,1
10942,0
10943,0
10944,1
10945,0
10946,1
10947,0
10948,0
10949,1
10950,0
10951,1
10952,0
10953,0
10954,1
10955,0
10956,0
10957,0
10958,0
10959,0
10960,0
10961,0
10962,0
10963,0
10964,0
10965,0
10966,0
10967,0
10968,0
10969,0
10970,0
10971,0
10972,1
10973,0
10974,1
10975,1
10976,0
10977,0
10978,0
10979,0
10980,0
10981,1
10982,0
10983,0
10984,0
10985,0
10986,0
10987,1
10988,1
10989,0
10990,0
10991,0
10992,0
10993,0
10994,0
10995,0
10996,0
10997,1
10998,1
10999,0
11000,0
11001,0
11002,0
11003,0
11004,0
11005,0
11006,0
11007,1
11008,1
11009,0
11010,0
11011,1
11012,0
11013,0
11014,1
11015,0
11016,0
11017,0
11018,0
11019,0
11020,0
11021,0
11022,0
11023,0
11024,0
11025,0
11026,0
11027,0
11028,0
11029,0
11030,1
11031,1
11032,0
11033,0
11034,0
11035,0
11036,0
11037,0
11038,0
11039,1
11040,0
11041,0
11042,1
11043,0
11044,0
11045,0
11046,0
11047,0
11048,0
11049,1
11050,0
11051,0
11052,0
11053,0
11054,1
11055,0
11056,0
11057,0
11058,0
11059,0
11060,1
11061,1
11062,0
11063,1
11064,0
11065,0
11066,0
11067,0
11068,0
11069,0
11070,0
11071,0
11072,0
11073,0
11074,0
11075,0
11076,0
11077,0
11078,0
11079,0
11080,0
11081,1
11082,0
11083,1
11084,0
11085,0
11086,0
11087,0
11088,0
11089,0
11090,0
11091,0
11092,0
11093,1
11094,0
11095,0
11096,0
11097,0
11098,0
11099,0
11100,0
11101,0
11102,0
11103,0
11104,0
11105,1
11106,0
11107,0
11108,0
11109,0
11110,0
11111,0
11112,1
11113,0
11114,1
11115,0
11116,0
11117,1
11118,1
11119,0
11120,0
11121,0
11122,1
11123,0
11124,0
11125,0
11126,1
11127,0
11128,0
11129,0
11130,0
11131,0
11132,0
11133,0
11134,0
11135,0
11136,1
11137,0
11138,0
11139,0
11140,0
11141,0
11142,0
11143,0
11144,0
11145,0
11146,0
11147,0
11148,0
11149,0
11150,0
11151,0
11152,0
11153,1
11154,0
11155,0
11156,0
11157,1
11158,1
11159,0
11160,0
11161,0
11162,0
11163,0
11164,1
11165,0
11166,0
11167,0
11168,0
11169,0
11170,1
11171,1
11172,1
11173,0
11174,0
11175,1
11176,1
11177,0
11178,0
11179,0
11180,0
11181,1
11182,1
11183,1
11184,0
11185,0
11186,0
11187,0
11188,0
11189,0
11190,1
11191,0
11192,0
11193,1
11194,0
11195,1
11196,0
11197,0
11198,0
11199,1
11200,0
11201,0
11202,1
11203,0
11204,0
11205,0
11206,0
11207,0
11208,0
11209,0
11210,0
11211,0
11212,0
11213,0
11214,0
11215,0
11216,0
11217,1
11218,0
11219,0
11220,0
11221,0
11222,0
11223,0
11224,0
11225,0
11226,0
11227,0
11228,1
11229,1
11230,0
11231,0
11232,0
11233,0
11234,0
11235,0
11236,0
11237,0
11238,0
11239,0
11240,0
11241,0
11242,0
11243,0
11244,0
11245,0
11246,1
11247,0
11248,1
11249,0
11250,0
11251,0
11252,0
11253,0
11254,1
11255,1
11256,0
11257,0
11258,1
11259,0
11260,0
11261,0
11262,1
11263,0
11264,0
11265,1
11266,0
11267,0
11268,0
11269,0
11270,0
11271,1
11272,1
11273,0
11274,1
11275,0
11276,1
11277,0
11278,0
11279,0
11280,0
11281,0
11282,0
11283,0
11284,0
11285,1
11286,1
11287,0
11288,0
11289,0
11290,0
11291,1
11292,0
11293,0
11294,0
11295,1
11296,0
11297,1
11298,0
11299,0
11300,1
11301,0
11302,0
11303,0
11304,0
11305,0
11306,0
11307,0
11308,0
11309,1
11310,0
11311,0
11312,0
11313,1
11314,1
11315,0
11316,0
11317,0
11318,1
11319,0
11320,1
11321,0
11322,1
11323,0
11324,0
11325,0
11326,0
11327,0
11328,1
11329,1
11330,0
11331,0
11332,0
11333,0
11334,1
11335,0
11336,0
11337,0
11338,0
11339,0
11340,0
11341,0
11342,0
11343,0
11344,0
11345,0
11346,0
11347,0
11348,0
11349,0
11350,0
11351,1
11352,0
11353,0
11354,1
11355,0
11356,1
11357,0
11358,1
11359,0
11360,0
11361,0
11362,0
11363,0
11364,0
11365,0
11366,0
11367,0
11368,0
11369,0
11370,1
11371,0
11372,0
11373,0
11374,0
11375,0
11376,0
11377,0
11378,0
11379,0
11380,0
11381,0
11382,0
11383,0
11384,0
11385,0
11386,0
11387,0
11388,0
11389,0
11390,0
11391,1
11392,0
11393,0
11394,1
11395,0
11396,1
11397,0
11398,0
11399,0
11400,1
11401,0
11402,0
11403,0
11404,0
11405,0
11406,1
11407,0
11408,1
11409,0
11410,0
11411,0
11412,0
11413,0
11414,0
11415,0
11416,0
11417,0
11418,1
11419,0
11420,1
11421,0
11422,0
11423,0
11424,0
11425,0
11426,0
11427,0
11428,1
11429,0
11430,0
11431,1
11432,0
11433,1
11434,0
11435,1
11436,0
11437,0
11438,1
11439,0
11440,0
11441,0
11442,1
11443,1
11444,0
11445,1
11446,0
11447,0
11448,0
11449,0
11450,0
11451,0
11452,0
11453,0
11454,1
11455,0
11456,1
11457,0
11458,0
11459,0
11460,0
11461,1
11462,1
11463,0
11464,1
11465,1
11466,1
11467,1
11468,0
11469,0
11470,0
11471,0
11472,0
11473,0
11474,0
11475,1
11476,0
11477,0
11478,1
11479,0
11480,0
11481,0
11482,1
11483,0
11484,0
11485,0
11486,0
11487,0
11488,0
11489,0
11490,0
11491,0
11492,0
11493,0
11494,0
11495,0
11496,0
11497,0
11498,0
11499,0
11500,0
11501,0
11502,1
11503,0
11504,1
11505,1
11506,0
11507,0
11508,0
11509,0
11510,0
11511,0
11512,1
11513,0
11514,0
11515,0
11516,0
11517,1
11518,0
11519,0
11520,0
11521,0
11522,1
11523,0
11524,0
11525,0
11526,0
11527,0
11528,0
11529,0
11530,0
11531,0
11532,0
11533,0
11534,0
11535,1
11536,0
11537,0
11538,1
11539,0
11540,0
11541,0
11542,0
11543,0
11544,0
11545,0
11546,0
11547,0
11548,1
11549,0
11550,0
11551,0
11552,0
11553,1
11554,0
11555,0
11556,0
11557,0
11558,0
11559,0
11560,0
11561,0
11562,1
11563,0
11564,0
11565,0
11566,0
11567,1
11568,1
11569,1
11570,0
11571,1
11572,1
11573,0
11574,0
11575,1
11576,0
11577,0
11578,0
11579,0
11580,0
11581,1
11582,1
11583,0
11584,0
11585,1
11586,1
11587,0
11588,0
11589,1
11590,1
11591,0
11592,0
11593,0
11594,0
11595,0
11596,0
11597,1
11598,0
11599,1
11600,1
11601,0
11602,0
11603,0
11604,0
11605,0
11606,0
11607,0
11608,0
11609,1
11610,0
11611,0
11612,0
11613,0
11614,1
11615,0
11616,0
11617,0
11618,1
11619,0
11620,0
11621,0
11622,0
11623,0
11624,0
11625,0
11626,0
11627,0
11628,0
11629,0
11630,1
11631,0
11632,0
11633,0
11634,0
11635,1
11636,0
11637,0
11638,1
11639,1
11640,1
11641,0
11642,0
11643,0
11644,0
11645,0
11646,0
11647,0
11648,0
11649,0
11650,0
11651,1
11652,0
11653,0
11654,0
11655,1
11656,0
11657,1
11658,0
11659,1
11660,1
11661,0
11662,0
11663,0
11664,0
11665,1
11666,0
11667,0
11668,0
11669,0
11670,1
11671,1
11672,0
11673,0
11674,0
11675,0
11676,1
11677,0
11678,0
11679,1
11680,1
11681,0
11682,1
11683,1
11684,0
11685,0
11686,0
11687,0
11688,0
11689,0
11690,0
11691,0
11692,1
11693,0
11694,1
11695,0
11696,0
11697,1
11698,0
11699,0
11700,0
11701,0
11702,0
11703,0
11704,0
11705,0
11706,0
11707,0
11708,0
11709,0
11710,0
11711,0
11712,1
11713,0
11714,0
11715,1
11716,0
11717,0
11718,1
11719,1
11720,0
11721,0
11722,0
11723,0
11724,0
11725,0
11726,1
11727,0
11728,1
11729,0
11730,0
11731,0
11732,0
11733,0
11734,0
11735,0
11736,1
11737,0
11738,0
11739,0
11740,0
11741,1
11742,0
11743,1
11744,0
11745,0
11746,0
11747,1
11748,0
11749,0
11750,0
11751,0
11752,0
11753,0
11754,0
11755,0
11756,0
11757,0
11758,0
11759,0
11760,1
11761,0
11762,0
11763,1
11764,0
11765,0
11766,0
11767,1
11768,1
11769,0
11770,1
11771,1
11772,0
11773,0
11774,1
11775,1
11776,1
11777,0
11778,0
11779,0
11780,0
11781,0
11782,1
11783,0
11784,0
11785,0
11786,0
11787,0
11788,1
11789,0
11790,1
11791,0
11792,0
11793,0
11794,1
11795,1
11796,0
11797,0
11798,0
11799,0
11800,0
11801,0
11802,0
11803,1
11804,0
11805,1
11806,1
11807,1
11808,0
11809,0
11810,0
11811,0
11812,1
11813,0
11814,0
11815,0
11816,0
11817,1
11818,0
11819,0
11820,0
11821,0
11822,1
11823,0
11824,0
11825,0
11826,1
11827,0
11828,0
11829,1
11830,0
11831,1
11832,0
11833,0
11834,1
11835,0
11836,0
11837,0
11838,0
11839,0
11840,0
11841,0
11842,0
11843,0
11844,0
11845,0
11846,0
11847,1
11848,0
11849,1
11850,1
11851,0
11852,0
11853,0
11854,0
11855,0
11856,0
11857,0
11858,0
11859,1
11860,1
11861,1
11862,0
11863,1
11864,1
11865,0
11866,0
11867,0
11868,0
11869,0
11870,1
11871,0
11872,0
11873,0
11874,1
11875,0
11876,0
11877,0
11878,0
11879,1
11880,1
11881,1
11882,0
11883,0
11884,0
11885,1
11886,0
11887,0
11888,0
11889,0
11890,0
11891,1
11892,0
11893,0
11894,0
11895,0
11896,0
11897,0
11898,0
11899,0
11900,0
11901,0
11902,1
11903,1
11904,0
11905,0
11906,1
11907,0
11908,0
11909,0
11910,1
11911,0
11912,0
11913,0
11914,1
11915,1
11916,1
11917,1
11918,1
11919,0
11920,0
11921,0
11922,0
11923,0
11924,0
11925,1
11926,1
11927,0
11928,0
11929,1
11930,1
11931,0
11932,0
11933,0
11934,0
11935,0
11936,0
11937,0
11938,0
11939,0
11940,0
11941,0
11942,0
11943,0
11944,0
11945,0
11946,0
11947,0
11948,0
11949,1
11950,0
11951,0
11952,0
11953,0
11954,0
11955,0
11956,0
11957,0
11958,0
11959,0
11960,0
11961,0
11962,0
11963,0
11964,1
11965,0
11966,0
11967,0
11968,0
11969,0
11970,0
11971,0
11972,0
11973,0
11974,0
11975,0
11976,0
11977,0
11978,1
11979,0
11980,0
11981,1
11982,1
11983,0
11984,0
11985,0
11986,0
11987,0
11988,1
11989,0
11990,0
11991,0
11992,0
11993,0
11994,0
11995,0
11996,0
11997,0
11998,0
11999,1
12000,0
12001,0
12002,0
12003,1
12004,0
12005,0
12006,0
12007,0
12008,0
12009,0
12010,0
12011,0
12012,1
12013,0
12014,0
12015,0
12016,1
12017,1
12018,0
12019,0
12020,0
12021,0
12022,0
12023,1
12024,0
12025,0
12026,0
12027,1
12028,0
12029,0
12030,0
12031,0
12032,0
12033,0
12034,0
12035,0
12036,0
12037,0
12038,1
12039,0
12040,0
12041,0
12042,0
12043,0
12044,0
12045,0
12046,0
12047,0
12048,1
12049,0
12050,0
12051,0
12052,0
12053,0
12054,0
12055,0
12056,0
12057,0
12058,0
12059,0
12060,0
12061,1
12062,1
12063,0
12064,0
12065,1
12066,0
12067,0
12068,0
12069,1
12070,1
12071,0
12072,0
12073,0
12074,1
12075,0
12076,0
12077,0
12078,0
12079,0
12080,0
12081,0
12082,0
12083,0
12084,0
12085,0
12086,0
12087,0
12088,0
12089,0
12090,0
12091,0
12092,0
12093,0
12094,0
12095,0
12096,0
12097,1
12098,0
12099,0
12100,1
12101,0
12102,0
12103,0
12104,0
12105,0
12106,0
12107,0
12108,0
12109,0
12110,0
12111,0
12112,0
12113,0
12114,0
12115,0
12116,0
12117,0
12118,0
12119,0
12120,0
12121,1
12122,0
12123,0
12124,0
12125,0
12126,0
12127,0
12128,0
12129,0
12130,0
12131,0
12132,0
12133,1
12134,0
12135,0
12136,0
12137,0
12138,0
12139,0
12140,0
12141,0
12142,0
12143,0
12144,0
12145,0
12146,1
12147,0
12148,0
12149,0
12150,0
12151,0
12152,0
12153,0
12154,1
12155,0
12156,0
12157,0
12158,0
12159,0
12160,0
12161,0
12162,0
12163,0
12164,0
12165,0
12166,1
12167,0
12168,1
12169,0
12170,0
12171,0
12172,0
12173,0
12174,0
12175,1
12176,0
12177,0
12178,0
12179,0
12180,0
12181,1
12182,0
12183,0
12184,1
12185,0
12186,0
12187,1
12188,0
12189,0
12190,1
12191,1
12192,1
12193,0
12194,1
12195,0
12196,0
12197,0
12198,0
12199,0
12200,0
12201,0
12202,0
12203,1
12204,0
12205,0
12206,0
12207,0
12208,0
12209,0
12210,0
12211,0
12212,1
12213,0
12214,0
12215,1
12216,1
12217,0
12218,0
12219,0
12220,0
12221,1
12222,0
12223,0
12224,0
12225,0
12226,0
12227,0
12228,0
12229,0
12230,0
12231,0
12232,0
12233,0
12234,1
12235,0
12236,0
12237,0
12238,1
12239,1
12240,0
12241,1
12242,0
12243,0
12244,0
12245,0
12246,0
12247,0
12248,0
12249,0
12250,0
12251,1
12252,0
12253,0
12254,0
12255,0
12256,1
12257,1
12258,0
12259,0
12260,0
12261,0
12262,0
12263,0
12264,1
12265,0
12266,0
12267,0
12268,0
12269,0
12270,0
12271,0
12272,0
12273,1
12274,0
12275,0
12276,0
12277,0
12278,0
12279,0
12280,0
12281,1
12282,0
12283,1
12284,0
12285,0
12286,0
12287,0
12288,0
12289,0
12290,0
12291,0
12292,0
12293,0
12294,0
12295,1
12296,0
12297,0
12298,0
12299,0
12300,0
12301,0
12302,0
12303,0
12304,0
12305,0
12306,1
12307,0
12308,0
12309,0
12310,0
12311,0
12312,0
12313,0
12314,0
12315,0
12316,1
12317,0
12318,1
12319,0
12320,1
12321,0
12322,0
12323,0
12324,1
12325,0
12326,0
12327,1
12328,0
12329,0
12330,0
12331,0
12332,0
12333,0
12334,0
12335,0
12336,0
12337,1
12338,1
12339,1
12340,0
12341,0
12342,0
12343,1
12344,0
12345,0
12346,0
12347,0
12348,0
12349,1
12350,0
12351,0
12352,0
12353,0
12354,0
12355,0
12356,0
12357,0
12358,0
12359,0
12360,1
12361,1
12362,0
12363,0
12364,0
12365,0
12366,0
12367,1
12368,0
12369,0
12370,0
12371,0
12372,0
12373,0
12374,0
12375,0
12376,1
12377,0
12378,0
12379,0
12380,0
12381,0
12382,0
12383,0
12384,0
12385,0
12386,0
12387,0
12388,0
12389,0
12390,0
12391,0
12392,0
12393,0
12394,0
12395,0
12396,0
12397,1
12398,0
12399,0
12400,0
12401,0
12402,0
12403,1
12404,0
12405,0
12406,0
12407,0
12408,0
12409,0
12410,1
12411,0
12412,0
12413,0
12414,0
12415,1
12416,0
12417,0
12418,0
12419,0
12420,0
12421,0
12422,0
12423,0
12424,0
12425,0
12426,1
12427,0
12428,0
12429,0
12430,0
12431,0
12432,0
12433,0
12434,1
12435,0
12436,0
12437,1
12438,0
12439,0
12440,0
12441,0
12442,0
12443,0
12444,0
12445,0
12446,0
12447,0
12448,1
12449,0
12450,1
12451,0
12452,0
12453,0
12454,0
12455,0
12456,1
12457,0
12458,0
12459,0
12460,1
12461,0
12462,0
12463,0
12464,0
12465,0
12466,0
12467,0
12468,0
12469,0
12470,0
12471,0
12472,0
12473,0
12474,0
12475,0
12476,1
12477,0
12478,0
12479,0
12480,0
12481,0
12482,1
12483,0
12484,0
12485,0
12486,1
12487,0
12488,0
12489,1
12490,0
12491,0
12492,0
12493,0
12494,0
12495,1
12496,1
12497,1
12498,0
12499,0
12500,0
12501,0
12502,0
12503,0
12504,0
12505,0
12506,0
12507,1
12508,0
12509,0
12510,1
12511,0
12512,0
12513,0
12514,0
12515,0
12516,1
12517,1
12518,0
12519,1
12520,1
12521,0
12522,0
12523,1
12524,0
12525,0
12526,0
12527,1
12528,1
12529,0
12530,0
12531,1
12532,0
12533,0
12534,0
12535,0
12536,1
12537,0
12538,0
12539,0
12540,1
12541,0
12542,0
12543,1
12544,0
12545,0
12546,1
12547,0
12548,0
12549,0
12550,1
12551,0
12552,0
12553,0
12554,0
12555,1
12556,0
12557,0
12558,0
12559,0
12560,0
12561,0
12562,0
12563,0
12564,0
12565,0
12566,0
12567,0
12568,0
12569,0
12570,1
12571,0
12572,0
12573,0
12574,0
12575,1
12576,0
12577,1
12578,0
12579,0
12580,1
12581,1
12582,0
12583,0
12584,1
12585,0
12586,0
12587,0
12588,0
12589,0
12590,1
12591,1
12592,0
12593,0
12594,0
12595,0
12596,0
12597,0
12598,0
12599,0
12600,1
12601,0
12602,0
12603,0
12604,0
12605,0
12606,1
12607,0
12608,0
12609,1
12610,1
12611,0
12612,0
12613,1
12614,0
12615,0
12616,0
12617,1
12618,0
12619,1
12620,0
12621,0
12622,0
12623,0
12624,0
12625,0
12626,0
12627,0
12628,0
12629,0
12630,1
12631,1
12632,1
12633,0
12634,0
12635,1
12636,0
12637,0
12638,0
12639,0
12640,0
12641,0
12642,1
12643,0
12644,0
12645,0
12646,0
12647,0
12648,0
12649,0
12650,0
12651,0
12652,0
12653,0
12654,1
12655,0
12656,1
12657,0
12658,0
12659,0
12660,0
12661,0
12662,0
12663,0
12664,1
12665,0
12666,0
12667,0
12668,0
12669,0
12670,0
12671,0
12672,0
12673,1
12674,0
12675,0
12676,0
12677,0
12678,1
12679,0
12680,0
12681,0
12682,0
12683,1
12684,0
12685,1
12686,0
12687,0
12688,1
12689,0
12690,0
12691,0
12692,1
12693,0
12694,0
12695,0
12696,1
12697,1
12698,1
12699,0
12700,0
12701,0
12702,0
12703,1
12704,0
12705,1
12706,0
12707,0
12708,0
12709,1
12710,1
12711,0
12712,0
12713,0
12714,1
12715,1
12716,0
12717,1
12718,0
12719,0
12720,0
12721,0
12722,0
12723,0
12724,1
12725,1
12726,0
12727,1
12728,0
12729,0
12730,1
12731,0
12732,1
12733,0
12734,0
12735,0
12736,0
12737,0
12738,0
12739,0
12740,0
12741,0
12742,0
12743,1
12744,0
12745,1
12746,0
12747,0
12748,0
12749,1
12750,0
12751,1
12752,0
12753,0
12754,0
12755,0
12756,0
12757,1
12758,0
12759,0
12760,1
12761,0
12762,0
12763,0
12764,0
12765,0
12766,0
12767,0
12768,0
12769,0
12770,0
12771,0
12772,0
12773,0
12774,0
12775,0
12776,1
12777,0
12778,1
12779,0
12780,1
12781,0
12782,0
12783,1
12784,0
12785,0
12786,1
12787,0
12788,0
12789,0
12790,1
12791,1
12792,0
12793,1
12794,1
12795,0
12796,0
12797,0
12798,0
12799,0
12800,0
12801,0
12802,0
12803,0
12804,0
12805,0
12806,0
12807,0
12808,0
12809,0
12810,0
12811,0
12812,0
12813,0
12814,0
12815,0
12816,0
12817,1
12818,1
12819,0
12820,0
12821,1
12822,0
12823,0
12824,0
12825,1
12826,0
12827,0
12828,0
12829,0
12830,1
12831,0
12832,0
12833,0
12834,0
12835,1
12836,0
12837,0
12838,0
12839,0
12840,0
12841,1
12842,1
12843,0
12844,0
12845,0
12846,0
12847,0
12848,0
12849,0
12850,0
12851,0
12852,1
12853,0
12854,0
12855,0
12856,1
12857,0
12858,0
12859,0
12860,1
12861,0
12862,0
12863,1
12864,0
12865,0
12866,1
12867,0
12868,0
12869,0
12870,0
12871,1
12872,1
12873,0
12874,1
12875,1
12876,0
12877,1
12878,0
12879,1
12880,1
12881,0
12882,0
12883,0
12884,1
12885,0
12886,0
12887,0
12888,0
12889,0
12890,1
12891,0
12892,0
12893,0
12894,0
12895,1
12896,0
12897,0
12898,1
12899,0
12900,0
12901,0
12902,0
12903,0
12904,0
12905,0
12906,0
12907,0
12908,0
12909,0
12910,1
12911,1
12912,1
12913,0
12914,0
12915,0
12916,0
12917,0
12918,0
12919,0
12920,0
12921,0
12922,1
12923,0
12924,0
12925,1
12926,1
12927,1
12928,0
12929,0
12930,0
12931,0
12932,1
12933,0
12934,0
12935,1
12936,0
12937,0
12938,0
12939,0
12940,0
12941,1
12942,0
12943,0
12944,0
12945,0
12946,0
12947,0
12948,1
12949,0
12950,0
12951,1
12952,0
12953,0
12954,0
12955,0
12956,0
12957,0
12958,0
12959,0
12960,0
12961,1
12962,0
12963,0
12964,0
12965,1
12966,0
12967,0
12968,0
12969,0
12970,0
12971,0
12972,0
12973,0
12974,0
12975,1
12976,0
12977,0
12978,0
12979,1
12980,1
12981,0
12982,0
12983,0
12984,0
12985,0
12986,0
12987,0
12988,1
12989,0
12990,1
12991,0
12992,1
12993,1
12994,0
12995,1
12996,1
12997,0
12998,1
12999,0
13000,0
13001,0
13002,0
13003,0
13004,1
13005,1
13006,0
13007,0
13008,0
13009,0
13010,0
13011,0
13012,0
13013,0
13014,0
13015,0
13016,0
13017,0
13018,0
13019,0
13020,0
13021,0
13022,0
13023,0
13024,0
13025,0
13026,0
13027,0
13028,1
13029,0
13030,1
13031,0
13032,0
13033,0
13034,0
13035,0
13036,0
13037,0
13038,0
13039,0
13040,0
13041,0
13042,0
13043,1
13044,0
13045,1
13046,1
13047,0
13048,0
13049,0
13050,0
13051,0
13052,0
13053,0
13054,0
13055,0
13056,0
13057,1
13058,1
13059,1
13060,0
13061,1
13062,0
13063,0
13064,0
13065,1
13066,0
13067,0
13068,1
13069,0
13070,1
13071,0
13072,0
13073,1
13074,0
13075,0
13076,0
13077,1
13078,0
13079,1
13080,1
13081,0
13082,0
13083,0
13084,1
13085,0
13086,0
13087,0
13088,0
13089,0
13090,0
13091,1
13092,0
13093,0
13094,0
13095,0
13096,1
13097,0
13098,0
13099,0
13100,0
13101,0
13102,0
13103,0
13104,0
13105,0
13106,1
13107,0
13108,1
13109,0
13110,1
13111,0
13112,0
13113,0
13114,1
13115,1
13116,0
13117,0
13118,1
13119,0
13120,0
13121,0
13122,0
13123,0
13124,0
13125,1
13126,0
13127,0
13128,0
13129,1
13130,0
13131,0
13132,0
13133,0
13134,0
13135,0
13136,0
13137,0
13138,0
13139,0
13140,1
13141,0
13142,1
13143,1
13144,0
13145,1
13146,0
13147,0
13148,0
13149,0
13150,0
13151,0
13152,0
13153,0
13154,1
13155,0
13156,0
13157,0
13158,1
13159,0
13160,1
13161,0
13162,0
13163,1
13164,0
13165,0
13166,1
13167,0
13168,0
13169,0
13170,0
13171,0
13172,0
13173,0
13174,1
13175,0
13176,0
13177,0
13178,0
13179,0
13180,0
13181,0
13182,0
13183,0
13184,0
13185,0
13186,0
13187,0
13188,0
13189,0
13190,0
13191,0
13192,1
13193,0
13194,0
13195,0
13196,0
13197,0
13198,1
13199,0
13200,0
13201,1
13202,0
13203,0
13204,0
13205,0
13206,0
13207,0
13208,1
13209,0
13210,0
13211,1
13212,0
13213,0
13214,0
13215,0
13216,0
13217,1
13218,1
13219,0
13220,0
13221,0
13222,0
13223,0
13224,1
13225,0
13226,0
13227,0
13228,0
13229,0
13230,0
13231,0
13232,0
13233,0
13234,0
13235,0
13236,0
13237,0
13238,0
13239,0
13240,0
13241,0
13242,0
13243,0
13244,0
13245,0
13246,0
13247,1
13248,0
13249,0
13250,0
13251,0
13252,1
13253,0
13254,1
13255,0
13256,0
13257,1
13258,1
13259,0
13260,0
13261,0
13262,0
13263,0
13264,0
13265,0
13266,0
13267,0
13268,0
13269,0
13270,0
13271,1
13272,1
13273,0
13274,1
13275,0
13276,1
13277,1
13278,0
13279,0
13280,0
13281,0
13282,0
13283,0
13284,0
13285,0
13286,0
13287,0
13288,0
13289,1
13290,0
13291,0
13292,0
13293,0
13294,0
13295,0
13296,0
13297,0
13298,0
13299,1
13300,0
13301,0
13302,1
13303,0
13304,1
13305,0
13306,0
13307,1
13308,0
13309,1
13310,0
13311,1
13312,1
13313,0
13314,0
13315,0
13316,0
13317,1
13318,0
13319,0
13320,1
13321,0
13322,0
13323,0
13324,0
13325,0
13326,0
13327,0
13328,0
13329,0
13330,0
13331,0
13332,1
13333,0
13334,1
13335,0
13336,0
13337,0
13338,0
13339,1
13340,0
13341,0
13342,0
13343,0
13344,0
13345,1
13346,0
13347,0
13348,0
13349,0
13350,1
13351,0
13352,0
13353,0
13354,0
13355,1
13356,0
13357,0
13358,0
13359,0
13360,1
13361,0
13362,0
13363,1
13364,0
13365,0
13366,0
13367,0
13368,0
13369,1
13370,1
13371,0
13372,0
13373,0
13374,0
13375,1
13376,1
13377,0
13378,1
13379,0
13380,0
13381,1
13382,0
13383,0
13384,0
13385,0
13386,0
13387,0
13388,0
13389,0
13390,0
13391,0
13392,0
13393,1
13394,0
13395,1
13396,0
13397,1
13398,0
13399,0
13400,0
13401,0
13402,0
13403,1
13404,0
13405,0
13406,0
13407,0
13408,0
13409,0
13410,0
13411,0
13412,0
13413,0
13414,0
13415,0
13416,0
13417,0
13418,0
13419,0
13420,1
13421,1
13422,0
13423,0
13424,0
13425,0
13426,0
13427,0
13428,0
13429,0
13430,0
13431,1
13432,0
13433,1
13434,0
13435,0
13436,0
13437,0
13438,0
13439,0
13440,0
13441,0
13442,0
13443,0
13444,1
13445,1
13446,1
13447,1
13448,1
13449,0
13450,1
13451,0
13452,0
13453,0
13454,0
13455,0
13456,1
13457,0
13458,1
13459,0
13460,0
13461,0
13462,0
13463,0
13464,0
13465,0
13466,0
13467,0
13468,0
13469,1
13470,0
13471,0
13472,0
13473,0
13474,0
13475,1
13476,0
13477,0
13478,0
13479,0
13480,0
13481,0
13482,0
13483,0
13484,0
13485,0
13486,1
13487,1
13488,0
13489,0
13490,0
13491,0
13492,0
13493,0
13494,0
13495,0
13496,0
13497,0
13498,0
13499,1
13500,0
13501,0
13502,0
13503,0
13504,0
13505,0
13506,0
13507,1
13508,0
13509,0
13510,0
13511,1
13512,1
13513,1
13514,1
13515,0
13516,0
13517,0
13518,0
13519,0
13520,0
13521,0
13522,1
13523,0
13524,1
13525,0
13526,0
13527,0
13528,0
13529,0
13530,1
13531,1
13532,0
13533,0
13534,0
13535,0
13536,1
13537,0
13538,0
13539,0
13540,0
13541,0
13542,1
13543,0
13544,1
13545,0
13546,0
13547,0
13548,1
13549,0
13550,0
13551,1
13552,0
13553,1
13554,0
13555,1
13556,0
13557,0
13558,0
13559,0
13560,1
13561,0
13562,1
13563,0
13564,0
13565,0
13566,1
13567,0
13568,0
13569,0
13570,0
13571,1
13572,0
13573,0
13574,0
13575,0
13576,0
13577,0
13578,0
13579,1
13580,0
13581,0
13582,0
13583,0
13584,0
13585,0
13586,0
13587,0
13588,0
13589,0
13590,1
13591,0
13592,0
13593,0
13594,0
13595,0
13596,1
13597,0
13598,0
13599,0
13600,0
13601,0
13602,1
13603,1
13604,0
13605,1
13606,0
13607,0
13608,1
13609,0
13610,0
13611,0
13612,0
13613,0
13614,0
13615,0
13616,0
13617,1
13618,0
13619,0
13620,0
13621,0
13622,0
13623,0
13624,0
13625,0
13626,0
13627,1
13628,1
13629,0
13630,0
13631,0
13632,0
13633,0
13634,0
13635,0
13636,1
13637,0
13638,0
13639,0
13640,0
13641,0
13642,0
13643,0
13644,1
13645,0
13646,0
13647,0
13648,0
13649,0
13650,1
13651,0
13652,1
13653,0
13654,1
13655,1
13656,1
13657,0
13658,0
13659,0
13660,1
13661,0
13662,0
13663,0
13664,1
13665,0
13666,0
13667,0
13668,1
13669,1
13670,0
13671,1
13672,0
13673,0
13674,0
13675,0
13676,0
13677,1
13678,1
13679,0
13680,1
13681,1
13682,0
13683,1
13684,0
13685,0
13686,1
13687,0
13688,1
13689,0
13690,0
13691,1
13692,1
13693,0
13694,1
13695,0
13696,1
13697,0
13698,0
13699,0
13700,0
13701,0
13702,0
13703,0
13704,1
13705,1
13706,0
13707,0
13708,0
13709,0
13710,0
13711,0
13712,0
13713,0
13714,1
13715,0
13716,0
13717,0
13718,0
13719,0
13720,0
13721,0
13722,0
13723,0
13724,0
13725,0
13726,0
13727,0
13728,0
13729,0
13730,1
13731,0
13732,1
13733,0
13734,0
13735,0
13736,1
13737,0
13738,0
13739,0
13740,0
13741,1
13742,0
13743,0
13744,0
13745,0
13746,0
13747,1
13748,0
13749,0
13750,1
13751,1
13752,0
13753,0
13754,0
13755,0
13756,1
13757,0
13758,0
13759,0
13760,1
13761,1
13762,0
13763,0
13764,0
13765,0
13766,1
13767,0
13768,0
13769,0
13770,0
13771,0
13772,0
13773,1
13774,0
13775,0
13776,0
13777,1
13778,0
13779,0
13780,0
13781,0
13782,0
13783,1
13784,0
13785,0
13786,0
13787,0
13788,0
13789,0
13790,0
13791,0
13792,0
13793,1
13794,0
13795,0
13796,0
13797,0
13798,0
13799,0
13800,1
13801,1
13802,0
13803,0
13804,0
13805,1
13806,1
13807,0
13808,0
13809,0
13810,0
13811,0
13812,0
13813,0
13814,1
13815,0
13816,0
13817,0
13818,0
13819,0
13820,0
13821,0
13822,0
13823,1
13824,1
13825,0
13826,0
13827,1
13828,0
13829,1
13830,1
13831,0
13832,0
13833,0
13834,0
13835,0
13836,0
13837,0
13838,0
13839,1
13840,0
13841,0
13842,0
13843,1
13844,0
13845,1
13846,0
13847,0
13848,1
13849,1
13850,0
13851,0
13852,0
13853,0
13854,0
13855,0
13856,1
13857,0
13858,0
13859,0
13860,0
13861,0
13862,0
13863,1
13864,0
13865,0
13866,1
13867,0
13868,0
13869,1
13870,0
13871,0
13872,0
13873,0
13874,0
13875,0
13876,0
13877,0
13878,0
13879,0
13880,0
13881,0
13882,0
13883,0
13884,1
13885,0
13886,0
13887,0
13888,0
13889,0
13890,0
13891,0
13892,0
13893,0
13894,0
13895,0
13896,0
13897,0
13898,0
13899,0
13900,0
13901,0
13902,0
13903,0
13904,0
13905,0
13906,0
13907,1
13908,0
13909,0
13910,0
13911,0
13912,0
13913,0
13914,0
13915,0
13916,1
13917,0
13918,0
13919,0
13920,0
13921,0
13922,0
13923,0
13924,0
13925,0
13926,0
13927,0
13928,0
13929,1
13930,0
13931,0
13932,0
13933,0
13934,0
13935,0
13936,0
13937,1
13938,1
13939,0
13940,0
13941,0
13942,0
13943,1
13944,0
13945,0
13946,0
13947,0
13948,0
13949,0
13950,0
13951,1
13952,0
13953,0
13954,1
13955,0
13956,0
13957,0
13958,1
13959,0
13960,0
13961,0
13962,0
13963,0
13964,0
13965,0
13966,0
13967,0
13968,1
13969,0
13970,1
13971,0
13972,0
13973,0
13974,0
13975,0
13976,0
13977,0
13978,1
13979,0
13980,1
13981,0
13982,0
13983,1
13984,0
13985,1
13986,0
13987,0
13988,0
13989,0
13990,0
13991,0
13992,0
13993,0
13994,0
13995,0
13996,0
13997,0
13998,0
13999,0
14000,0
14001,0
14002,1
14003,0
14004,0
14005,0
14006,0
14007,0
14008,1
14009,1
14010,0
14011,0
14012,0
14013,0
14014,0
14015,0
14016,0
14017,0
14018,0
14019,0
14020,0
14021,1
14022,0
14023,0
14024,0
14025,1
14026,0
14027,0
14028,0
14029,0
14030,0
14031,0
14032,0
14033,0
14034,0
14035,1
14036,0
14037,0
14038,0
14039,0
14040,0
14041,0
14042,1
14043,0
14044,0
14045,0
14046,0
14047,0
14048,1
14049,0
14050,0
14051,0
14052,0
14053,1
14054,1
14055,0
14056,1
14057,0
14058,0
14059,0
14060,0
14061,0
14062,0
14063,1
14064,0
14065,0
14066,1
14067,0
14068,0
14069,1
14070,0
14071,0
14072,0
14073,0
14074,0
14075,0
14076,0
14077,0
14078,1
14079,1
14080,0
14081,1
14082,0
14083,0
14084,0
14085,0
14086,0
14087,0
14088,1
14089,0
14090,0
14091,1
14092,0
14093,0
14094,1
14095,0
14096,0
14097,0
14098,0
14099,0
14100,1
14101,0
14102,1
14103,0
14104,0
14105,0
14106,0
14107,0
14108,1
14109,0
14110,1
14111,0
14112,0
14113,0
14114,0
14115,0
14116,0
14117,0
14118,1
14119,0
14120,0
14121,0
14122,1
14123,0
14124,1
14125,0
14126,1
14127,0
14128,0
14129,0
14130,0
14131,0
14132,0
14133,1
14134,1
14135,0
14136,1
14137,0
14138,0
14139,0
14140,0
14141,0
14142,0
14143,0
14144,0
14145,0
14146,0
14147,0
14148,1
14149,0
14150,0
14151,0
14152,0
14153,1
14154,0
14155,0
14156,0
14157,0
14158,0
14159,0
14160,0
14161,1
14162,1
14163,0
14164,0
14165,0
14166,1
14167,0
14168,0
14169,0
14170,1
14171,1
14172,1
14173,0
14174,0
14175,1
14176,0
14177,0
14178,0
14179,0
14180,0
14181,0
14182,1
14183,0
14184,0
14185,0
14186,0
14187,0
14188,0
14189,0
14190,0
14191,0
14192,0
14193,0
14194,0
14195,1
14196,0
14197,0
14198,1
14199,1
14200,0
14201,0
14202,0
14203,0
14204,0
14205,1
14206,0
14207,1
14208,0
14209,0
14210,0
14211,0
14212,0
14213,0
14214,1
14215,0
14216,0
14217,0
14218,0
14219,1
14220,1
14221,0
14222,0
14223,0
14224,1
14225,0
14226,0
14227,1
14228,1
14229,0
14230,0
14231,0
14232,0
14233,0
14234,1
14235,0
14236,0
14237,0
14238,1
14239,0
14240,0
14241,0
14242,1
14243,1
14244,0
14245,0
14246,0
14247,1
14248,0
14249,0
14250,1
14251,1
14252,0
14253,0
14254,1
14255,1
14256,0
14257,0
14258,0
14259,0
14260,0
14261,1
14262,0
14263,1
14264,0
14265,0
14266,1
14267,0
14268,0
14269,0
14270,0
14271,0
14272,0
14273,0
14274,0
14275,0
14276,0
14277,0
14278,0
14279,0
14280,0
14281,1
14282,1
14283,0
14284,0
14285,0
14286,1
14287,0
14288,0
14289,1
14290,0
14291,1
14292,1
14293,0
14294,0
14295,0
14296,0
14297,0
14298,1
14299,0
14300,0
14301,1
14302,0
14303,0
14304,0
14305,0
14306,0
14307,1
14308,0
14309,1
14310,0
14311,0
14312,1
14313,0
14314,0
14315,0
14316,0
14317,1
14318,0
14319,1
14320,0
14321,0
14322,0
14323,0
14324,0
14325,1
14326,0
14327,0
14328,0
14329,0
14330,0
14331,0
14332,1
14333,0
14334,1
14335,0
14336,0
14337,0
14338,0
14339,0
14340,0
14341,0
14342,1
14343,0
14344,0
14345,0
14346,0
14347,0
14348,0
14349,0
14350,0
14351,0
14352,1
14353,0
14354,0
14355,0
14356,0
14357,0
14358,0
14359,0
14360,0
14361,1
14362,0
14363,0
14364,0
14365,0
14366,1
14367,0
14368,0
14369,0
14370,0
14371,0
14372,1
14373,0
14374,0
14375,0
14376,0
14377,0
14378,0
14379,0
14380,1
14381,0
14382,0
14383,0
14384,0
14385,0
14386,1
14387,1
14388,0
14389,0
14390,0
14391,1
14392,0
14393,1
14394,0
14395,0
14396,1
14397,0
14398,0
14399,0
14400,0
14401,0
14402,0
14403,0
14404,0
14405,0
14406,1
14407,0
14408,0
14409,0
14410,1
14411,0
14412,0
14413,1
14414,1
14415,0
14416,0
14417,0
14418,1
14419,1
14420,0
14421,1
14422,1
14423,0
14424,0
14425,0
14426,0
14427,0
14428,0
14429,0
14430,0
14431,0
14432,0
14433,0
14434,0
14435,0
14436,1
14437,1
14438,0
14439,0
14440,0
14441,0
14442,1
14443,1
14444,0
14445,0
14446,0
14447,0
14448,0
14449,0
14450,0
14451,0
14452,0
14453,0
14454,0
14455,1
14456,0
14457,0
14458,0
14459,0
14460,0
14461,0
14462,0
14463,0
14464,1
14465,0
14466,0
14467,1
14468,0
14469,0
14470,0
14471,0
14472,0
14473,0
14474,0
14475,0
14476,0
14477,1
14478,0
14479,0
14480,0
14481,0
14482,1
14483,0
14484,0
14485,0
14486,0
14487,1
14488,0
14489,0
14490,1
14491,0
14492,0
14493,0
14494,1
14495,0
14496,0
14497,0
14498,0
14499,0
14500,1
14501,0
14502,0
14503,1
14504,0
14505,0
14506,0
14507,1
14508,1
14509,0
14510,0
14511,1
14512,0
14513,0
14514,0
14515,1
14516,0
14517,0
14518,0
14519,0
14520,0
14521,0
14522,1
14523,0
14524,0
14525,1
14526,0
14527,0
14528,0
14529,0
14530,0
14531,0
14532,0
14533,0
14534,1
14535,0
14536,0
14537,1
14538,0
14539,0
14540,0
14541,0
14542,0
14543,0
14544,0
14545,0
14546,0
14547,1
14548,0
14549,0
14550,0
14551,0
14552,0
14553,0
14554,0
14555,0
14556,0
14557,0
14558,0
14559,0
14560,0
14561,1
14562,1
14563,0
14564,0
14565,0
14566,0
14567,0
14568,0
14569,1
14570,0
14571,0
14572,1
14573,0
14574,0
14575,1
14576,1
14577,0
14578,0
14579,0
14580,0
14581,0
14582,0
14583,0
14584,1
14585,0
14586,1
14587,0
14588,1
14589,0
14590,1
14591,0
14592,0
14593,0
14594,0
14595,0
14596,1
14597,0
14598,0
14599,0
14600,0
14601,1
14602,0
14603,0
14604,0
14605,0
14606,0
14607,0
14608,1
14609,0
14610,1
14611,1
14612,0
14613,0
14614,0
14615,0
14616,1
14617,1
14618,0
14619,0
14620,0
14621,0
14622,0
14623,0
14624,0
14625,0
14626,1
14627,1
14628,0
14629,0
14630,0
14631,0
14632,0
14633,0
14634,0
14635,0
14636,0
14637,0
14638,0
14639,0
14640,1
14641,0
14642,0
14643,0
14644,0
14645,1
14646,0
14647,1
14648,0
14649,0
14650,0
14651,0
14652,1
14653,0
14654,1
14655,1
14656,0
14657,0
14658,0
14659,0
14660,0
14661,0
14662,1
14663,0
14664,1
14665,0
14666,0
14667,0
14668,1
14669,0
14670,0
14671,0
14672,0
14673,1
14674,0
14675,1
14676,0
14677,0
14678,0
14679,1
14680,0
14681,0
14682,0
14683,0
14684,1
14685,0
14686,0
14687,0
14688,0
14689,0
14690,1
14691,0
14692,0
14693,0
14694,0
14695,0
14696,0
14697,0
14698,0
14699,0
14700,0
14701,0
14702,0
14703,1
14704,1
14705,0
14706,0
14707,0
14708,0
14709,0
14710,0
14711,0
14712,0
14713,0
14714,0
14715,1
14716,0
14717,0
14718,0
14719,1
14720,1
14721,1
14722,0
14723,0
14724,0
14725,0
14726,1
14727,0
14728,0
14729,0
14730,0
14731,0
14732,0
14733,1
14734,0
14735,0
14736,0
14737,1
14738,0
14739,0
14740,0
14741,0
14742,0
14743,0
14744,0
14745,0
14746,0
14747,0
14748,0
14749,1
14750,0
14751,0
14752,0
14753,0
14754,0
14755,0
14756,0
14757,0
14758,0
14759,0
14760,0
14761,0
14762,0
14763,0
14764,1
14765,0
14766,1
14767,0
14768,0
14769,0
14770,0
14771,0
14772,0
14773,1
14774,0
14775,0
14776,0
14777,0
14778,1
14779,0
14780,0
14781,0
14782,0
14783,0
14784,0
14785,0
14786,1
14787,0
14788,0
14789,0
14790,1
14791,0
14792,0
14793,0
14794,1
14795,0
14796,0
14797,1
14798,0
14799,1
14800,1
14801,0
14802,0
14803,0
14804,0
14805,1
14806,0
14807,1
14808,0
14809,1
14810,1
14811,0
14812,1
14813,0
14814,0
14815,1
14816,0
14817,1
14818,0
14819,0
14820,0
14821,0
14822,0
14823,0
14824,0
14825,0
14826,0
14827,1
14828,0
14829,0
14830,0
14831,0
14832,0
14833,0
14834,0
14835,0
14836,0
14837,0
14838,0
14839,0
14840,0
14841,0
14842,0
14843,0
14844,0
14845,0
14846,0
14847,1
14848,0
14849,0
14850,1
14851,0
14852,0
14853,1
14854,0
14855,0
14856,0
14857,0
14858,0
14859,1
14860,0
14861,0
14862,1
14863,0
14864,1
14865,0
14866,0
14867,0
14868,0
14869,0
14870,0
14871,0
14872,0
14873,0
14874,0
14875,0
14876,1
14877,0
14878,1
14879,0
14880,0
14881,0
14882,0
14883,0
14884,0
14885,0
14886,1
14887,0
14888,0
14889,0
14890,0
14891,0
14892,0
14893,0
14894,0
14895,1
14896,0
14897,0
14898,0
14899,0
14900,0
14901,1
14902,0
14903,0
14904,0
14905,0
14906,0
14907,1
14908,0
14909,0
14910,0
14911,1
14912,0
14913,1
14914,1
14915,1
14916,0
14917,0
14918,1
14919,1
14920,0
14921,1
14922,1
14923,0
14924,0
14925,1
14926,1
14927,1
14928,0
14929,1
14930,1
14931,1
14932,1
14933,0
14934,0
14935,0
14936,0
14937,0
14938,1
14939,0
14940,0
14941,0
14942,0
14943,0
14944,0
14945,0
14946,0
14947,1
14948,1
14949,0
14950,0
14951,1
14952,0
14953,0
14954,0
14955,0
14956,0
14957,0
14958,0
14959,0
14960,0
14961,1
14962,0
14963,0
14964,1
14965,0
14966,0
14967,0
14968,0
14969,0
14970,0
14971,0
14972,0
14973,0
14974,1
14975,1
14976,0
14977,0
14978,0
14979,0
14980,0
14981,0
14982,0
14983,1
14984,1
14985,1
14986,0
14987,1
14988,0
14989,0
14990,0
14991,0
14992,0
14993,1
14994,0
14995,0
14996,0
14997,1
14998,0
14999,0
15000,0
15001,0
15002,0
15003,1
15004,0
15005,0
15006,0
15007,0
15008,0
15009,0
15010,0
15011,0
15012,0
15013,0
15014,0
15015,0
15016,0
15017,0
15018,0
15019,0
15020,0
15021,0
15022,0
15023,0
15024,0
15025,0
15026,1
15027,0
15028,0
15029,1
15030,0
15031,0
15032,0
15033,0
15034,0
15035,1
15036,0
15037,1
15038,0
15039,0
15040,0
15041,0
15042,0
15043,0
15044,0
15045,0
15046,0
15047,0
15048,0
15049,1
15050,0
15051,0
15052,0
15053,0
15054,0
15055,1
15056,0
15057,0
15058,0
15059,0
15060,0
15061,0
15062,0
15063,1
15064,0
15065,0
15066,0
15067,0
15068,0
15069,1
15070,1
15071,0
15072,0
15073,0
15074,1
15075,1
15076,0
15077,0
15078,0
15079,0
15080,0
15081,0
15082,0
15083,0
15084,0
15085,0
15086,1
15087,1
15088,1
15089,0
15090,0
15091,0
15092,0
15093,1
15094,0
15095,0
15096,0
15097,1
15098,0
15099,0
15100,0
15101,0
15102,0
15103,0
15104,1
15105,0
15106,0
15107,0
15108,0
15109,0
15110,1
15111,0
15112,0
15113,0
15114,0
15115,1
15116,0
15117,0
15118,0
15119,0
15120,0
15121,1
15122,0
15123,0
15124,0
15125,0
15126,0
15127,0
15128,0
15129,0
15130,0
15131,0
15132,0
15133,1
15134,0
15135,0
15136,0
15137,0
15138,0
15139,1
15140,0
15141,1
15142,0
15143,0
15144,0
15145,0
15146,0
15147,0
15148,0
15149,1
15150,1
15151,1
15152,1
15153,0
15154,0
15155,0
15156,0
15157,0
15158,1
15159,0
15160,0
15161,1
15162,0
15163,0
15164,0
15165,0
15166,1
15167,0
15168,1
15169,0
15170,0
15171,0
15172,0
15173,0
15174,0
15175,0
15176,0
15177,0
15178,1
15179,1
15180,0
15181,1
15182,0
15183,0
15184,0
15185,0
15186,0
15187,0
15188,0
15189,0
15190,1
15191,0
15192,0
15193,1
15194,0
15195,0
15196,0
15197,0
15198,0
15199,0
15200,1
15201,1
15202,0
15203,0
15204,0
15205,1
15206,0
15207,1
15208,0
15209,0
15210,0
15211,1
15212,0
15213,0
15214,0
15215,0
15216,0
15217,0
15218,0
15219,0
15220,0
15221,0
15222,0
15223,0
15224,0
15225,1
15226,0
15227,0
15228,0
15229,0
15230,0
15231,0
15232,0
15233,0
15234,0
15235,0
15236,0
15237,0
15238,0
15239,0
15240,0
15241,1
15242,0
15243,0
15244,0
15245,0
15246,0
15247,0
15248,0
15249,1
15250,0
15251,0
15252,0
15253,0
15254,0
15255,0
15256,0
15257,0
15258,0
15259,0
15260,0
15261,0
15262,1
15263,0
15264,0
15265,0
15266,0
15267,0
15268,0
15269,0
15270,0
15271,1
15272,0
15273,1
15274,0
15275,1
15276,0
15277,1
15278,0
15279,0
15280,0
15281,0
15282,1
15283,0
15284,0
15285,1
15286,0
15287,0
15288,0
15289,1
15290,0
15291,0
15292,0
15293,1
15294,1
15295,0
15296,0
15297,0
15298,0
15299,0
15300,0
15301,0
15302,1
15303,0
15304,0
15305,1
15306,1
15307,1
15308,1
15309,0
15310,0
15311,1
15312,0
15313,0
15314,0
15315,0
15316,1
15317,0
15318,0
15319,0
15320,0
15321,0
15322,1
15323,0
15324,0
15325,0
15326,0
15327,0
15328,0
15329,0
15330,0
15331,0
15332,0
15333,0
15334,0
15335,0
15336,0
15337,1
15338,0
15339,0
15340,0
15341,0
15342,0
15343,0
15344,0
15345,0
15346,1
15347,0
15348,0
15349,0
15350,0
15351,0
15352,1
15353,1
15354,0
15355,0
15356,0
15357,0
15358,1
15359,0
15360,1
15361,0
15362,0
15363,0
15364,0
15365,1
15366,1
15367,0
15368,0
15369,0
15370,0
15371,0
15372,0
15373,0
15374,1
15375,0
15376,1
15377,0
15378,0
15379,0
15380,1
15381,0
15382,1
15383,0
15384,0
15385,1
15386,0
15387,0
15388,1
15389,1
15390,0
15391,0
15392,0
15393,1
15394,0
15395,0
15396,0
15397,0
15398,0
15399,0
15400,0
15401,1
15402,0
15403,0
15404,0
15405,0
15406,0
15407,0
15408,0
15409,0
15410,0
15411,0
15412,1
15413,0
15414,1
15415,0
15416,0
15417,1
15418,0
15419,0
15420,0
15421,0
15422,0
15423,0
15424,0
15425,0
15426,0
15427,0
15428,0
15429,1
15430,0
15431,0
15432,0
15433,0
15434,1
15435,0
15436,1
15437,1
15438,0
15439,0
15440,1
15441,1
15442,1
15443,0
15444,0
15445,0
15446,0
15447,0
15448,0
15449,0
15450,1
15451,0
15452,1
15453,0
15454,0
15455,1
15456,0
15457,0
15458,0
15459,0
15460,1
15461,0
15462,0
15463,0
15464,0
15465,0
15466,0
15467,0
15468,0
15469,1
15470,0
15471,0
15472,0
15473,0
15474,1
15475,0
15476,0
15477,0
15478,0
15479,0
15480,0
15481,1
15482,0
15483,0
15484,0
15485,0
15486,0
15487,0
15488,1
15489,1
15490,1
15491,0
15492,0
15493,0
15494,0
15495,0
15496,0
15497,0
15498,1
15499,0
15500,0
15501,0
15502,0
15503,0
15504,0
15505,0
15506,0
15507,0
15508,0
15509,0
15510,1
15511,0
15512,1
15513,0
15514,1
15515,0
15516,0
15517,0
15518,1
15519,0
15520,0
15521,0
15522,0
15523,0
15524,0
15525,0
15526,1
15527,1
15528,0
15529,0
15530,1
15531,0
15532,0
15533,1
15534,0
15535,0
15536,0
15537,0
15538,1
15539,0
15540,1
15541,0
15542,0
15543,0
15544,1
15545,0
15546,0
15547,0
15548,0
15549,0
15550,0
15551,0
15552,0
15553,0
15554,0
15555,0
15556,0
15557,1
15558,0
15559,0
15560,0
15561,1
15562,0
15563,0
15564,0
15565,0
15566,0
15567,0
15568,1
15569,1
15570,0
15571,0
15572,0
15573,1
15574,0
15575,0
15576,0
15577,0
15578,1
15579,0
15580,0
15581,0
15582,0
15583,1
15584,1
15585,0
15586,0
15587,1
15588,1
15589,0
15590,0
15591,0
15592,0
15593,0
15594,0
15595,1
15596,0
15597,1
15598,0
15599,0
15600,0
15601,0
15602,1
15603,0
15604,1
15605,0
15606,0
15607,0
15608,1
15609,0
15610,1
15611,0
15612,0
15613,0
15614,1
15615,0
15616,0
15617,1
15618,0
15619,0
15620,0
15621,0
15622,0
15623,0
15624,0
15625,0
15626,0
15627,0
15628,0
15629,0
15630,1
15631,0
15632,0
15633,0
15634,1
15635,0
15636,0
15637,0
15638,0
15639,0
15640,1
15641,0
15642,1
15643,0
15644,1
15645,0
15646,1
15647,0
15648,1
15649,0
15650,1
15651,1
15652,0
15653,1
15654,1
15655,0
15656,0
15657,0
15658,0
15659,0
15660,0
15661,0
15662,0
15663,0
15664,0
15665,0
15666,0
15667,0
15668,0
15669,0
15670,0
15671,0
15672,0
15673,1
15674,0
15675,0
15676,0
15677,1
15678,1
15679,0
15680,0
15681,0
15682,0
15683,0
15684,0
15685,0
15686,0
15687,0
15688,0
15689,0
15690,0
15691,0
15692,0
15693,0
15694,1
15695,0
15696,0
15697,0
15698,1
15699,1
15700,0
15701,0
15702,0
15703,0
15704,0
15705,0
15706,0
15707,0
15708,1
15709,0
15710,0
15711,0
15712,0
15713,0
15714,0
15715,0
15716,0
15717,0
15718,0
15719,1
15720,0
15721,0
15722,0
15723,0
15724,0
15725,0
15726,0
15727,0
15728,1
15729,0
15730,1
15731,0
15732,0
15733,0
15734,1
15735,1
15736,1
15737,0
15738,0
15739,0
15740,0
15741,0
15742,0
15743,0
15744,0
15745,0
15746,0
15747,0
15748,0
15749,0
15750,1
15751,0
15752,0
15753,0
15754,1
15755,0
15756,0
15757,1
15758,0
15759,0
15760,0
15761,0
15762,1
15763,0
15764,1
15765,0
15766,0
15767,0
15768,0
15769,1
15770,0
15771,0
15772,0
15773,0
15774,0
15775,0
15776,1
15777,0
15778,0
15779,0
15780,0
15781,0
15782,0
15783,0
15784,0
15785,1
15786,0
15787,1
15788,1
15789,0
15790,0
15791,0
15792,1
15793,0
15794,0
15795,0
15796,0
15797,1
15798,0
15799,0
15800,0
15801,0
15802,1
15803,0
15804,0
15805,0
15806,0
15807,0
15808,1
15809,0
15810,0
15811,0
15812,0
15813,0
15814,0
15815,1
15816,0
15817,0
15818,1
15819,1
15820,0
15821,0
15822,0
15823,0
15824,0
15825,1
15826,0
15827,1
15828,0
15829,0
15830,0
15831,1
15832,0
15833,0
15834,0
15835,0
15836,0
15837,0
15838,0
15839,0
15840,0
15841,1
15842,0
15843,0
15844,0
15845,1
15846,1
15847,0
15848,0
15849,0
15850,0
15851,0
15852,0
15853,0
15854,0
15855,0
15856,0
15857,0
15858,0
15859,0
15860,0
15861,1
15862,0
15863,0
15864,0
15865,0
15866,0
15867,0
15868,0
15869,0
15870,0
15871,0
15872,0
15873,1
15874,0
15875,0
15876,0
15877,0
15878,1
15879,0
15880,1
15881,0
15882,0
15883,0
15884,1
15885,0
15886,1
15887,0
15888,0
15889,0
15890,0
15891,0
15892,1
15893,0
15894,0
15895,0
15896,0
15897,0
15898,0
15899,0
15900,0
15901,0
15902,0
15903,0
15904,0
15905,0
15906,1
15907,0
15908,1
15909,1
15910,0
15911,0
15912,1
15913,0
15914,0
15915,1
15916,0
15917,0
15918,0
15919,0
15920,0
15921,1
15922,1
15923,0
15924,0
15925,0
15926,0
15927,1
15928,0
15929,0
15930,0
15931,0
15932,1
15933,0
15934,0
15935,0
15936,0
15937,0
15938,0
15939,1
15940,0
15941,0
15942,1
15943,0
15944,0
15945,0
15946,0
15947,0
15948,0
15949,1
15950,0
15951,1
15952,0
15953,0
15954,0
15955,0
15956,0
15957,0
15958,1
15959,0
15960,0
15961,1
15962,0
15963,0
15964,1
15965,0
15966,0
15967,0
15968,1
15969,0
15970,0
15971,0
15972,0
15973,0
15974,0
15975,0
15976,1
15977,0
15978,0
15979,0
15980,1
15981,0
15982,1
15983,0
15984,0
15985,0
15986,1
15987,1
15988,1
15989,0
15990,0
15991,0
15992,0
15993,0
15994,0
15995,0
15996,0
15997,0
15998,1
15999,0
16000,1
16001,0
16002,0
16003,0
16004,0
16005,0
16006,0
16007,0
16008,0
16009,1
16010,0
16011,0
16012,1
16013,0
16014,0
16015,0
16016,0
16017,0
16018,0
16019,1
16020,1
16021,0
16022,1
16023,1
16024,0
16025,0
16026,0
16027,1
16028,0
16029,0
16030,0
16031,0
16032,0
16033,0
16034,0
16035,0
16036,0
16037,0
16038,0
16039,1
16040,1
16041,0
16042,0
16043,0
16044,0
16045,1
16046,0
16047,0
16048,1
16049,1
16050,0
16051,0
16052,1
16053,0
16054,0
16055,0
16056,0
16057,1
16058,0
16059,0
16060,0
16061,0
16062,0
16063,0
16064,0
16065,0
16066,0
16067,0
16068,0
16069,0
16070,0
16071,0
16072,0
16073,0
16074,0
16075,0
16076,0
16077,0
16078,0
16079,0
16080,1
16081,0
16082,0
16083,0
16084,0
16085,0
16086,0
16087,0
16088,0
16089,0
16090,0
16091,1
16092,0
16093,1
16094,0
16095,0
16096,0
16097,0
16098,1
16099,0
16100,1
16101,1
16102,1
16103,1
16104,0
16105,0
16106,0
16107,0
16108,0
16109,0
16110,0
16111,0
16112,0
16113,0
16114,0
16115,0
16116,1
16117,0
16118,0
16119,0
16120,0
16121,0
16122,0
16123,0
16124,0
16125,0
16126,1
16127,1
16128,0
16129,0
16130,0
16131,0
16132,1
16133,0
16134,1
16135,1
16136,0
16137,0
16138,0
16139,1
16140,0
16141,0
16142,0
16143,0
16144,0
16145,1
16146,0
16147,0
16148,1
16149,0
16150,1
16151,0
16152,0
16153,1
16154,0
16155,0
16156,0
16157,0
16158,0
16159,0
16160,0
16161,0
16162,0
16163,0
16164,1
16165,1
16166,0
16167,0
16168,0
16169,1
16170,1
16171,0
16172,0
16173,0
16174,1
16175,0
16176,0
16177,0
16178,0
16179,0
16180,0
16181,0
16182,0
16183,0
16184,0
16185,0
16186,0
16187,0
16188,0
16189,0
16190,0
16191,1
16192,0
16193,0
16194,0
16195,0
16196,1
16197,1
16198,0
16199,0
16200,0
16201,0
16202,0
16203,1
16204,0
16205,0
16206,0
16207,0
16208,0
16209,1
16210,0
16211,0
16212,0
16213,0
16214,1
16215,0
16216,0
16217,0
16218,0
16219,0
16220,1
16221,0
16222,1
16223,0
16224,1
16225,0
16226,0
16227,0
16228,0
16229,0
16230,0
16231,0
16232,0
16233,0
16234,0
16235,0
16236,1
16237,0
16238,1
16239,0
16240,0
16241,0
16242,0
16243,0
16244,0
16245,0
16246,0
16247,0
16248,1
16249,0
16250,0
16251,1
16252,0
16253,1
16254,1
16255,0
16256,0
16257,0
16258,0
16259,0
16260,0
16261,0
16262,0
16263,1
16264,0
16265,1
16266,0
16267,0
16268,0
16269,1
16270,0
16271,0
16272,0
16273,1
16274,1
16275,0
16276,0
16277,0
16278,0
16279,0
16280,0
16281,0
16282,0
16283,0
16284,0
16285,0
16286,0
16287,0
16288,0
16289,0
16290,0
16291,0
16292,0
16293,1
16294,0
16295,1
16296,0
16297,0
16298,0
16299,0
16300,1
16301,0
16302,0
16303,0
16304,1
16305,0
16306,0
16307,1
16308,0
16309,0
16310,1
16311,0
16312,1
16313,1
16314,0
16315,1
16316,0
16317,0
16318,1
16319,0
16320,1
16321,0
16322,0
16323,1
16324,0
16325,0
16326,1
16327,0
16328,1
16329,0
16330,0
16331,0
16332,0
16333,0
16334,0
16335,0
16336,0
16337,0
16338,0
16339,1
16340,0
16341,0
16342,1
16343,0
16344,0
16345,0
16346,0
16347,0
16348,0
16349,1
16350,1
16351,0
16352,1
16353,0
16354,0
16355,0
16356,0
16357,1
16358,0
16359,1
16360,0
16361,0
16362,1
16363,1
16364,0
16365,0
16366,0
16367,0
16368,1
16369,0
16370,0
16371,0
16372,1
16373,0
16374,0
16375,1
16376,0
16377,0
16378,0
16379,0
16380,0
16381,0
16382,0
16383,0
16384,0
16385,0
16386,0
16387,0
16388,0
16389,0
16390,0
16391,0
16392,0
16393,0
16394,0
16395,0
16396,0
16397,1
16398,0
16399,1
16400,0
16401,0
16402,1
16403,1
16404,0
16405,0
16406,0
16407,0
16408,0
16409,0
16410,0
16411,0
16412,0
16413,0
16414,0
16415,0
16416,0
16417,0
16418,0
16419,0
16420,0
16421,1
16422,0
16423,0
16424,0
16425,0
16426,0
16427,0
16428,1
16429,0
16430,0
16431,0
16432,0
16433,1
16434,0
16435,0
16436,1
16437,0
16438,1
16439,0
16440,0
16441,0
16442,0
16443,0
16444,0
16445,0
16446,0
16447,0
16448,0
16449,0
16450,0
16451,1
16452,0
16453,0
16454,1
16455,0
16456,0
16457,0
16458,0
16459,0
16460,0
16461,0
16462,0
16463,0
16464,1
16465,0
16466,1
16467,0
16468,0
16469,0
16470,0
16471,0
16472,0
16473,1
16474,0
16475,1
16476,0
16477,0
16478,0
16479,0
16480,1
16481,0
16482,0
16483,0
16484,0
16485,0
16486,0
16487,0
16488,0
16489,0
16490,0
16491,0
16492,0
16493,0
16494,0
16495,1
16496,0
16497,0
16498,0
16499,0
16500,0
16501,1
16502,0
16503,0
16504,0
16505,1
16506,0
16507,0
16508,0
16509,0
16510,0
16511,0
16512,0
16513,1
16514,0
16515,0
16516,0
16517,0
16518,0
16519,0
16520,0
16521,0
16522,0
16523,0
16524,0
16525,0
16526,0
16527,0
16528,0
16529,0
16530,0
16531,0
16532,0
16533,1
16534,0
16535,1
16536,0
16537,0
16538,0
16539,0
16540,1
16541,0
16542,0
16543,0
16544,0
16545,0
16546,0
16547,1
16548,0
16549,0
16550,0
16551,0
16552,0
16553,0
16554,0
16555,0
16556,0
16557,0
16558,0
16559,0
16560,0
16561,0
16562,0
16563,1
16564,0
16565,0
16566,0
16567,0
16568,0
16569,0
16570,1
16571,0
16572,0
16573,1
16574,0
16575,0
16576,0
16577,1
16578,0
16579,0
16580,0
16581,0
16582,0
16583,0
16584,0
16585,0
16586,0
16587,0
16588,0
16589,1
16590,0
16591,0
16592,0
16593,0
16594,1
16595,0
16596,0
16597,1
16598,0
16599,0
16600,0
16601,0
16602,0
16603,0
16604,0
16605,0
16606,1
16607,1
16608,0
16609,0
16610,0
16611,0
16612,0
16613,1
16614,0
16615,1
16616,0
16617,0
16618,0
16619,0
16620,0
16621,0
16622,0
16623,1
16624,0
16625,0
16626,0
16627,0
16628,1
16629,1
16630,0
16631,0
16632,0
16633,0
16634,0
16635,0
16636,0
16637,1
16638,0
16639,1
16640,0
16641,0
16642,0
16643,0
16644,0
16645,1
16646,1
16647,0
16648,1
16649,0
16650,1
16651,0
16652,0
16653,0
16654,1
16655,0
16656,0
16657,0
16658,0
16659,1
16660,0
16661,1
16662,0
16663,0
16664,0
16665,0
16666,0
16667,0
16668,0
16669,0
16670,0
16671,0
16672,0
16673,0
16674,0
16675,0
16676,1
16677,0
16678,0
16679,0
16680,0
16681,0
16682,0
16683,0
16684,0
16685,0
16686,0
16687,0
16688,0
16689,0
16690,0
16691,0
16692,1
16693,0
16694,0
16695,0
16696,0
16697,0
16698,1
16699,0
16700,0
16701,1
16702,0
16703,0
16704,0
16705,0
16706,1
16707,0
16708,0
16709,0
16710,0
16711,0
16712,1
16713,0
16714,0
16715,0
16716,0
16717,0
16718,0
16719,0
16720,0
16721,0
16722,0
16723,0
16724,0
16725,0
16726,0
16727,0
16728,0
16729,0
16730,0
16731,1
16732,0
16733,0
16734,0
16735,0
16736,0
16737,0
16738,0
16739,0
16740,0
16741,0
16742,0
16743,0
16744,0
16745,0
16746,0
16747,0
16748,0
16749,0
16750,0
16751,0
16752,0
16753,1
16754,0
16755,0
16756,0
16757,0
16758,0
16759,0
16760,0
16761,1
16762,0
16763,0
16764,0
16765,1
16766,0
16767,0
16768,1
16769,0
16770,0
16771,0
16772,0
16773,0
16774,0
16775,0
16776,0
16777,0
16778,0
16779,0
16780,0
16781,0
16782,0
16783,0
16784,0
16785,0
16786,0
16787,0
16788,0
16789,0
16790,0
16791,0
16792,0
16793,1
16794,0
16795,0
16796,0
16797,0
16798,0
16799,0
16800,0
16801,0
16802,0
16803,1
16804,0
16805,0
16806,0
16807,1
16808,1
16809,0
16810,0
16811,0
16812,1
16813,1
16814,0
16815,0
16816,0
16817,1
16818,1
16819,1
16820,0
16821,1
16822,0
16823,1
16824,0
16825,1
16826,0
16827,0
16828,0
16829,1
16830,1
16831,0
16832,0
16833,0
16834,0
16835,1
16836,0
16837,0
16838,0
16839,0
16840,0
16841,0
16842,1
16843,1
16844,0
16845,0
16846,0
16847,0
16848,0
16849,0
16850,0
16851,1
16852,0
16853,0
16854,1
16855,1
16856,0
16857,1
16858,0
16859,1
16860,0
16861,0
16862,1
16863,0
16864,0
16865,0
16866,0
16867,0
16868,1
16869,0
16870,0
16871,0
16872,1
16873,0
16874,0
16875,0
16876,0
16877,0
16878,0
16879,1
16880,0
16881,0
16882,0
16883,0
16884,1
16885,0
16886,0
16887,0
16888,0
16889,0
16890,0
16891,0
16892,0
16893,1
16894,0
16895,0
16896,0
16897,0
16898,0
16899,0
16900,1
16901,0
16902,0
16903,0
16904,0
16905,0
16906,1
16907,0
16908,0
16909,0
16910,0
16911,1
16912,0
16913,0
16914,0
16915,0
16916,0
16917,0
16918,0
16919,1
16920,0
16921,1
16922,0
16923,0
16924,0
16925,1
16926,1
16927,0
16928,0
16929,0
16930,0
16931,0
16932,1
16933,1
16934,1
16935,0
16936,0
16937,0
16938,0
16939,0
16940,0
16941,0
16942,0
16943,0
16944,0
16945,0
16946,0
16947,0
16948,0
16949,0
16950,0
16951,1
16952,0
16953,0
16954,0
16955,0
16956,1
16957,0
16958,0
16959,0
16960,0
16961,1
16962,1
16963,0
16964,0
16965,0
16966,0
16967,0
16968,0
16969,0
16970,0
16971,1
16972,0
16973,0
16974,0
16975,0
16976,0
16977,0
16978,0
16979,0
16980,0
16981,0
16982,0
16983,0
16984,0
16985,0
16986,0
16987,0
16988,1
16989,0
16990,0
16991,0
16992,1
16993,0
16994,1
16995,0
16996,0
16997,0
16998,0
16999,0
17000,0
17001,1
17002,1
17003,0
17004,1
17005,0
17006,0
17007,0
17008,0
17009,0
17010,0
17011,0
17012,0
17013,0
17014,0
17015,0
17016,0
17017,0
17018,0
17019,1
17020,0
17021,0
17022,0
17023,0
17024,0
17025,0
17026,0
17027,0
17028,1
17029,0
17030,0
17031,0
17032,0
17033,0
17034,0
17035,0
17036,0
17037,0
17038,0
17039,0
17040,0
17041,1
17042,0
17043,1
17044,0
17045,0
17046,0
17047,1
17048,0
17049,0
17050,0
17051,0
17052,0
17053,1
17054,0
17055,0
17056,0
17057,0
17058,0
17059,0
17060,0
17061,1
17062,1
17063,0
17064,0
17065,0
17066,0
17067,0
17068,0
17069,0
17070,0
17071,0
17072,1
17073,1
17074,0
17075,0
17076,0
17077,0
17078,0
17079,0
17080,0
17081,0
17082,0
17083,0
17084,0
17085,0
17086,0
17087,1
17088,1
17089,0
17090,0
17091,0
17092,0
17093,0
17094,0
17095,1
17096,0
17097,1
17098,0
17099,0
17100,0
17101,0
17102,1
17103,0
17104,0
17105,1
17106,0
17107,0
17108,0
17109,0
17110,0
17111,0
17112,0
17113,0
17114,0
17115,0
17116,0
17117,1
17118,0
17119,0
17120,0
17121,0
17122,0
17123,1
17124,0
17125,0
17126,0
17127,0
17128,0
17129,0
17130,0
17131,0
17132,1
17133,0
17134,0
17135,0
17136,0
17137,0
17138,0
17139,1
17140,0
17141,0
17142,0
17143,0
17144,1
17145,0
17146,0
17147,1
17148,0
17149,0
17150,0
17151,1
17152,0
17153,0
17154,1
17155,0
17156,0
17157,0
17158,0
17159,0
17160,0
17161,1
17162,0
17163,0
17164,0
17165,0
17166,0
17167,0
17168,0
17169,0
17170,1
17171,1
17172,1
17173,0
17174,0
17175,0
17176,0
17177,0
17178,0
17179,0
17180,0
17181,0
17182,0
17183,1
17184,1
17185,0
17186,0
17187,1
17188,0
17189,0
17190,0
17191,1
17192,0
17193,0
17194,0
17195,0
17196,0
17197,1
17198,1
17199,0
17200,1
17201,0
17202,0
17203,0
17204,0
17205,0
17206,0
17207,0
17208,0
17209,0
17210,0
17211,0
17212,1
17213,0
17214,1
17215,0
17216,1
17217,0
17218,0
17219,0
17220,0
17221,1
17222,0
17223,0
17224,1
17225,0
17226,0
17227,1
17228,0
17229,0
17230,0
17231,0
17232,1
17233,1
17234,1
17235,0
17236,1
17237,0
17238,0
17239,0
17240,1
17241,0
17242,1
17243,0
17244,0
17245,0
17246,0
17247,0
17248,0
17249,0
17250,1
17251,1
17252,0
17253,0
17254,1
17255,1
17256,0
17257,0
17258,0
17259,0
17260,0
17261,0
17262,1
17263,0
17264,0
17265,0
17266,1
17267,0
17268,0
17269,0
17270,1
17271,1
17272,1
17273,1
17274,0
17275,0
17276,0
17277,1
17278,0
17279,0
17280,0
17281,0
17282,0
17283,0
17284,1
17285,0
17286,0
17287,0
17288,0
17289,0
17290,0
17291,1
17292,0
17293,0
17294,0
17295,0
17296,0
17297,0
17298,0
17299,1
17300,1
17301,0
17302,0
17303,0
17304,0
17305,0
17306,0
17307,0
17308,0
17309,0
17310,0
17311,1
17312,1
17313,0
17314,0
17315,0
17316,0
17317,0
17318,0
17319,0
17320,0
17321,0
17322,0
17323,0
17324,0
17325,0
17326,0
17327,0
17328,0
17329,0
17330,0
17331,0
17332,0
17333,0
17334,0
17335,0
17336,0
17337,0
17338,1
17339,0
17340,1
17341,1
17342,1
17343,0
17344,1
17345,0
17346,1
17347,0
17348,0
17349,0
17350,1
17351,0
17352,0
17353,0
17354,1
17355,0
17356,0
17357,0
17358,0
17359,0
17360,1
17361,0
17362,0
17363,0
17364,1
17365,0
17366,0
17367,0
17368,1
17369,0
17370,1
17371,1
17372,0
17373,0
17374,0
17375,1
17376,0
17377,0
17378,1
17379,0
17380,0
17381,0
17382,0
17383,0
17384,0
17385,1
17386,0
17387,0
17388,0
17389,1
17390,0
17391,0
17392,1
17393,0
17394,0
17395,1
17396,0
17397,0
17398,1
17399,1
17400,0
17401,0
17402,0
17403,1
17404,0
17405,0
17406,0
17407,0
17408,0
17409,0
17410,0
17411,0
17412,1
17413,1
17414,0
17415,0
17416,1
17417,0
17418,0
17419,0
17420,0
17421,1
17422,0
17423,1
17424,0
17425,0
17426,0
17427,0
17428,0
17429,0
17430,0
17431,1
17432,0
17433,0
17434,0
17435,0
17436,0
17437,0
17438,0
17439,0
17440,0
17441,0
17442,0
17443,0
17444,0
17445,0
17446,1
17447,0
17448,0
17449,0
17450,0
17451,0
17452,0
17453,0
17454,1
17455,1
17456,0
17457,0
17458,0
17459,0
17460,0
17461,0
17462,0
17463,0
17464,0
17465,1
17466,0
17467,0
17468,0
17469,1
17470,0
17471,0
17472,0
17473,0
17474,0
17475,1
17476,0
17477,1
17478,0
17479,0
17480,1
17481,0
17482,1
17483,0
17484,0
17485,0
17486,0
17487,0
17488,0
17489,1
17490,0
17491,1
17492,0
17493,0
17494,0
17495,0
17496,0
17497,0
17498,0
17499,0
17500,0
17501,0
17502,0
17503,1
17504,0
17505,1
17506,0
17507,0
17508,0
17509,0
17510,0
17511,0
17512,0
17513,0
17514,0
17515,1
17516,0
17517,1
17518,0
17519,0
17520,0
17521,0
17522,0
17523,0
17524,0
17525,0
17526,0
17527,0
17528,0
17529,0
17530,1
17531,0
17532,1
17533,0
17534,0
17535,0
17536,1
17537,0
17538,0
17539,0
17540,0
17541,0
17542,1
17543,0
17544,1
17545,0
17546,0
17547,0
17548,0
17549,0
17550,0
17551,0
17552,0
17553,0
17554,0
17555,1
17556,0
17557,0
17558,0
17559,0
17560,0
17561,1
17562,0
17563,1
17564,0
17565,0
17566,0
17567,0
17568,0
17569,0
17570,0
17571,1
17572,0
17573,0
17574,0
17575,1
17576,0
17577,1
17578,0
17579,1
17580,0
17581,1
17582,0
17583,0
17584,0
17585,0
17586,0
17587,0
17588,0
17589,0
17590,0
17591,1
17592,0
17593,0
17594,0
17595,1
17596,0
17597,0
17598,0
17599,1
17600,0
17601,0
17602,0
17603,0
17604,0
17605,0
17606,1
17607,0
17608,0
17609,0
17610,0
17611,0
17612,0
17613,0
17614,0
17615,0
17616,0
17617,0
17618,0
17619,0
17620,0
17621,0
17622,1
17623,1
17624,0
17625,0
17626,0
17627,0
17628,1
17629,0
17630,1
17631,1
17632,0
17633,0
17634,1
17635,1
17636,0
17637,0
17638,0
17639,0
17640,0
17641,1
17642,0
17643,0
17644,1
17645,0
17646,0
17647,0
17648,1
17649,0
17650,1
17651,1
17652,0
17653,0
17654,0
17655,1
17656,0
17657,0
17658,0
17659,0
17660,0
17661,1
17662,0
17663,0
17664,0
17665,0
17666,1
17667,0
17668,0
17669,0
17670,0
17671,0
17672,1
17673,0
17674,0
17675,0
17676,0
17677,1
17678,0
17679,0
17680,1
17681,0
17682,0
17683,0
17684,0
17685,0
17686,0
17687,1
17688,0
17689,0
17690,0
17691,0
17692,0
17693,0
17694,0
17695,0
17696,0
17697,1
17698,1
17699,0
17700,0
17701,0
17702,0
17703,0
17704,1
17705,0
17706,0
17707,0
17708,1
17709,0
17710,0
17711,0
17712,0
17713,0
17714,0
17715,0
17716,0
17717,0
17718,0
17719,0
17720,0
17721,0
17722,0
17723,0
17724,1
17725,0
17726,0
17727,0
17728,0
17729,1
17730,0
17731,0
17732,0
17733,0
17734,0
17735,0
17736,0
17737,0
17738,0
17739,0
17740,0
17741,0
17742,0
17743,0
17744,0
17745,0
17746,0
17747,0
17748,0
17749,0
17750,0
17751,1
17752,0
17753,0
17754,0
17755,0
17756,1
17757,0
17758,0
17759,0
17760,1
17761,0
17762,0
17763,0
17764,0
17765,0
17766,0
17767,0
17768,0
17769,0
17770,0
17771,1
17772,0
17773,0
17774,0
17775,1
17776,0
17777,0
17778,0
17779,1
17780,0
17781,0
17782,0
17783,0
17784,0
17785,1
17786,0
17787,0
17788,0
17789,0
17790,1
17791,0
17792,1
17793,1
17794,1
17795,1
17796,1
17797,0
17798,0
17799,0
17800,0
17801,0
17802,0
17803,0
17804,0
17805,0
17806,0
17807,0
17808,1
17809,0
17810,0
17811,1
17812,0
17813,0
17814,0
17815,1
17816,0
17817,1
17818,0
17819,1
17820,0
17821,0
17822,0
17823,0
17824,0
17825,0
17826,0
17827,0
17828,0
17829,0
17830,1
17831,0
17832,0
17833,0
17834,0
17835,0
17836,1
17837,0
17838,0
17839,0
17840,0
17841,1
17842,0
17843,0
17844,0
17845,0
17846,0
17847,0
17848,0
17849,0
17850,0
17851,0
17852,0
17853,0
17854,0
17855,0
17856,0
17857,0
17858,0
17859,0
17860,0
17861,0
17862,1
17863,1
17864,0
17865,0
17866,1
17867,0
17868,0
17869,0
17870,0
17871,0
17872,0
17873,0
17874,0
17875,0
17876,0
17877,0
17878,1
17879,1
17880,0
17881,0
17882,0
17883,0
17884,0
17885,1
17886,1
17887,0
17888,1
17889,0
17890,1
17891,0
17892,1
17893,1
17894,1
17895,0
17896,0
17897,0
17898,1
17899,0
17900,0
17901,0
17902,0
17903,0
17904,0
17905,1
17906,0
17907,0
17908,0
17909,0
17910,1
17911,0
17912,1
17913,0
17914,0
17915,0
17916,0
17917,1
17918,0
17919,0
17920,0
17921,0
17922,0
17923,0
17924,0
17925,0
17926,0
17927,1
17928,0
17929,0
17930,1
17931,0
17932,0
17933,1
17934,0
17935,1
17936,0
17937,0
17938,0
17939,0
17940,0
17941,1
17942,1
17943,1
17944,1
17945,0
17946,0
17947,1
17948,0
17949,0
17950,0
17951,0
17952,0
17953,1
17954,1
17955,0
17956,1
17957,1
17958,0
17959,0
17960,0
17961,1
17962,0
17963,0
17964,0
17965,0
17966,0
17967,0
17968,0
17969,0
17970,0
17971,0
17972,0
17973,0
17974,0
17975,0
17976,1
17977,0
17978,0
17979,0
17980,0
17981,0
17982,1
17983,0
17984,0
17985,1
17986,0
17987,0
17988,0
17989,0
17990,1
17991,0
17992,0
17993,0
17994,0
17995,0
17996,1
17997,0
17998,0
17999,0
18000,0
18001,0
18002,0
18003,0
18004,0
18005,0
18006,0
18007,0
18008,0
18009,0
18010,0
18011,0
18012,0
18013,1
18014,0
18015,0
18016,0
18017,0
18018,0
18019,0
18020,0
18021,1
18022,0
18023,0
18024,0
18025,1
18026,0
18027,1
18028,1
18029,0
18030,0
18031,0
18032,1
18033,0
18034,0
18035,0
18036,0
18037,1
18038,0
18039,0
18040,0
18041,0
18042,0
18043,0
18044,0
18045,1
18046,0
18047,0
18048,0
18049,0
18050,0
18051,0
18052,0
18053,0
18054,0
18055,0
18056,1
18057,0
18058,0
18059,1
18060,0
18061,0
18062,0
18063,0
18064,0
18065,0
18066,1
18067,0
18068,0
18069,0
18070,0
18071,0
18072,1
18073,1
18074,0
18075,1
18076,0
18077,0
18078,0
18079,0
18080,0
18081,0
18082,1
18083,0
18084,1
18085,0
18086,0
18087,0
18088,0
18089,0
18090,0
18091,0
18092,1
18093,1
18094,1
18095,0
18096,0
18097,0
18098,0
18099,0
18100,1
18101,0
18102,0
18103,0
18104,0
18105,0
18106,0
18107,0
18108,0
18109,0
18110,1
18111,0
18112,0
18113,1
18114,1
18115,1
18116,0
18117,0
18118,1
18119,0
18120,0
18121,1
18122,0
18123,0
18124,0
18125,0
18126,0
18127,1
18128,0
18129,0
18130,1
18131,0
18132,0
18133,0
18134,1
18135,0
18136,1
18137,0
18138,0
18139,0
18140,0
18141,0
18142,0
18143,0
18144,0
18145,0
18146,0
18147,1
18148,0
18149,0
18150,0
18151,0
18152,0
18153,1
18154,0
18155,0
18156,0
18157,1
18158,0
18159,0
18160,0
18161,0
18162,0
18163,0
18164,0
18165,0
18166,0
18167,1
18168,1
18169,0
18170,0
18171,0
18172,1
18173,0
18174,0
18175,0
18176,0
18177,1
18178,0
18179,0
18180,1
18181,0
18182,0
18183,0
18184,0
18185,0
18186,0
18187,0
18188,0
18189,0
18190,0
18191,0
18192,1
18193,1
18194,1
18195,0
18196,0
18197,1
18198,0
18199,0
18200,0
18201,0
18202,0
18203,0
18204,1
18205,0
18206,0
18207,1
18208,1
18209,0
18210,0
18211,1
18212,0
18213,0
18214,0
18215,1
18216,0
18217,1
18218,0
18219,0
18220,0
18221,0
18222,0
18223,0
18224,0
18225,0
18226,0
18227,1
18228,0
18229,0
18230,0
18231,0
18232,0
18233,1
18234,0
18235,1
18236,0
18237,0
18238,1
18239,0
18240,0
18241,0
18242,0
18243,0
18244,0
18245,0
18246,0
18247,0
18248,0
18249,1
18250,0
18251,0
18252,0
18253,0
18254,0
18255,0
18256,0
18257,0
18258,0
18259,0
18260,1
18261,0
18262,0
18263,0
18264,1
18265,1
18266,0
18267,1
18268,0
18269,0
18270,0
18271,0
18272,0
18273,1
18274,0
18275,1
18276,0
18277,0
18278,0
18279,0
18280,0
18281,1
18282,1
18283,0
18284,0
18285,1
18286,0
18287,0
18288,0
18289,0
18290,0
18291,0
18292,1
18293,0
18294,0
18295,0
18296,0
18297,0
18298,0
18299,1
18300,0
18301,0
18302,0
18303,1
18304,0
18305,0
18306,0
18307,0
18308,0
18309,1
18310,0
18311,0
18312,0
18313,0
18314,0
18315,0
18316,1
18317,0
18318,0
18319,0
18320,0
18321,1
18322,0
18323,0
18324,0
18325,0
18326,1
18327,0
18328,1
18329,0
18330,0
18331,0
18332,0
18333,0
18334,0
18335,0
18336,0
18337,1
18338,0
18339,0
18340,0
18341,0
18342,0
18343,1
18344,0
18345,0
18346,0
18347,0
18348,0
18349,0
18350,0
18351,0
18352,1
18353,0
18354,0
18355,0
18356,0
18357,0
18358,0
18359,0
18360,0
18361,0
18362,0
18363,0
18364,0
18365,1
18366,0
18367,0
18368,0
18369,1
18370,0
18371,0
18372,0
18373,0
18374,1
18375,1
18376,0
18377,0
18378,1
18379,0
18380,1
18381,0
18382,1
18383,1
18384,0
18385,0
18386,0
18387,0
18388,1
18389,0
18390,0
18391,1
18392,0
18393,0
18394,0
18395,0
18396,0
18397,1
18398,0
18399,0
18400,0
18401,0
18402,0
18403,0
18404,1
18405,0
18406,0
18407,0
18408,0
18409,0
18410,0
18411,0
18412,0
18413,0
18414,0
18415,1
18416,0
18417,0
18418,0
18419,0
18420,0
18421,0
18422,1
18423,0
18424,0
18425,0
18426,0
18427,0
18428,1
18429,0
18430,0
18431,0
18432,0
18433,0
18434,0
18435,0
18436,0
18437,0
18438,0
18439,0
18440,1
18441,0
18442,1
18443,0
18444,1
18445,0
18446,0
18447,0
18448,1
18449,0
18450,1
18451,0
18452,0
18453,0
18454,0
18455,0
18456,0
18457,0
18458,1
18459,0
18460,0
18461,0
18462,0
18463,0
18464,0
18465,0
18466,0
18467,1
18468,1
18469,0
18470,0
18471,0
18472,1
18473,0
18474,0
18475,1
18476,0
18477,0
18478,0
18479,0
18480,0
18481,0
18482,0
18483,0
18484,0
18485,0
18486,0
18487,0
18488,0
18489,1
18490,0
18491,0
18492,0
18493,0
18494,1
18495,0
18496,1
18497,0
18498,1
18499,0
18500,1
18501,1
18502,0
18503,0
18504,0
18505,0
18506,0
18507,0
18508,0
18509,0
18510,0
18511,0
18512,1
18513,0
18514,0
18515,0
18516,0
18517,1
18518,0
18519,0
18520,0
18521,0
18522,0
18523,0
18524,0
18525,1
18526,0
18527,0
18528,1
18529,0
18530,0
18531,0
18532,0
18533,0
18534,0
18535,0
18536,0
18537,0
18538,0
18539,1
18540,0
18541,0
18542,1
18543,0
18544,0
18545,0
18546,0
18547,0
18548,0
18549,1
18550,0
18551,1
18552,0
18553,0
18554,0
18555,0
18556,0
18557,1
18558,0
18559,1
18560,0
18561,0
18562,0
18563,0
18564,0
18565,0
18566,0
18567,0
18568,0
18569,0
18570,1
18571,0
18572,0
18573,1
18574,1
18575,0
18576,0
18577,0
18578,0
18579,0
18580,1
18581,1
18582,0
18583,1
18584,0
18585,0
18586,0
18587,0
18588,0
18589,0
18590,0
18591,0
18592,1
18593,0
18594,0
18595,0
18596,0
18597,1
18598,0
18599,0
18600,0
18601,0
18602,0
18603,0
18604,0
18605,0
18606,0
18607,0
18608,0
18609,0
18610,1
18611,0
18612,0
18613,0
18614,0
18615,0
18616,0
18617,0
18618,1
18619,0
18620,0
18621,0
18622,0
18623,1
18624,1
18625,0
18626,0
18627,0
18628,0
18629,0
18630,0
18631,0
18632,1
18633,0
18634,1
18635,0
18636,0
18637,0
18638,0
18639,0
18640,0
18641,0
18642,0
18643,0
18644,0
18645,1
18646,0
18647,0
18648,1
18649,0
18650,0
18651,0
18652,0
18653,0
18654,0
18655,0
18656,0
18657,0
18658,1
18659,0
18660,0
18661,0
18662,0
18663,1
18664,0
18665,0
18666,0
18667,0
18668,0
18669,1
18670,1
18671,0
18672,0
18673,0
18674,1
18675,0
18676,0
18677,0
18678,0
18679,1
18680,0
18681,0
18682,0
18683,1
18684,0
18685,0
18686,0
18687,0
18688,0
18689,0
18690,0
18691,0
18692,0
18693,0
18694,1
18695,0
18696,1
18697,0
18698,0
18699,0
18700,0
18701,0
18702,0
18703,1
18704,1
18705,0
18706,0
18707,0
18708,0
18709,0
18710,0
18711,0
18712,0
18713,0
18714,0
18715,0
18716,0
18717,0
18718,0
18719,0
18720,0
18721,0
18722,0
18723,0
18724,0
18725,1
18726,0
18727,0
18728,0
18729,0
18730,1
18731,0
18732,0
18733,0
18734,1
18735,1
18736,0
18737,0
18738,0
18739,0
18740,0
18741,0
18742,0
18743,0
18744,0
18745,1
18746,0
18747,1
18748,0
18749,0
18750,0
18751,0
18752,0
18753,0
18754,1
18755,0
18756,0
18757,0
18758,0
18759,0
18760,0
18761,0
18762,1
18763,0
18764,0
18765,0
18766,0
18767,1
18768,0
18769,0
18770,0
18771,0
18772,0
18773,0
18774,0
18775,1
18776,0
18777,0
18778,0
18779,0
18780,0
18781,0
18782,0
18783,0
18784,0
18785,1
18786,0
18787,1
18788,0
18789,0
18790,0
18791,0
18792,0
18793,1
18794,0
18795,0
18796,0
18797,0
18798,1
18799,0
18800,0
18801,0
18802,1
18803,0
18804,0
18805,0
18806,1
18807,0
18808,1
18809,0
18810,0
18811,0
18812,1
18813,0
18814,0
18815,1
18816,0
18817,0
18818,0
18819,0
18820,1
18821,1
18822,0
18823,0
18824,1
18825,1
18826,0
18827,1
18828,0
18829,0
18830,0
18831,1
18832,0
18833,0
18834,0
18835,0
18836,0
18837,1
18838,1
18839,0
18840,0
18841,0
18842,0
18843,0
18844,1
18845,0
18846,0
18847,0
18848,0
18849,1
18850,1
18851,1
18852,0
18853,0
18854,0
18855,0
18856,1
18857,0
18858,0
18859,0
18860,0
18861,0
18862,0
18863,0
18864,0
18865,0
18866,0
18867,0
18868,0
18869,0
18870,0
18871,1
18872,1
18873,1
18874,1
18875,0
18876,0
18877,1
18878,1
18879,0
18880,0
18881,0
18882,0
18883,0
18884,0
18885,0
18886,0
18887,0
18888,0
18889,0
18890,1
18891,0
18892,1
18893,0
18894,0
18895,0
18896,0
18897,1
18898,0
18899,0
18900,1
18901,0
18902,1
18903,0
18904,0
18905,0
18906,0
18907,0
18908,0
18909,0
18910,0
18911,0
18912,0
18913,0
18914,0
18915,0
18916,1
18917,0
18918,0
18919,0
18920,0
18921,0
18922,1
18923,1
18924,0
18925,0
18926,1
18927,0
18928,0
18929,0
18930,0
18931,0
18932,0
18933,0
18934,0
18935,0
18936,0
18937,0
18938,0
18939,0
18940,0
18941,0
18942,0
18943,1
18944,1
18945,1
18946,0
18947,1
18948,0
18949,1
18950,0
18951,0
18952,0
18953,0
18954,0
18955,0
18956,0
18957,0
18958,0
18959,0
18960,0
18961,0
18962,0
18963,0
18964,0
18965,0
18966,0
18967,0
18968,0
18969,0
18970,0
18971,1
18972,1
18973,0
18974,1
18975,0
18976,0
18977,0
18978,1
18979,0
18980,0
18981,0
18982,0
18983,0
18984,1
18985,0
18986,0
18987,1
18988,0
18989,1
18990,0
18991,0
18992,0
18993,0
18994,0
18995,0
18996,0
18997,0
18998,0
18999,0
19000,0
19001,0
19002,0
19003,0
19004,0
19005,0
19006,0
19007,0
19008,1
19009,0
19010,0
19011,0
19012,0
19013,0
19014,0
19015,1
19016,0
19017,0
19018,1
19019,0
19020,1
19021,0
19022,1
19023,0
19024,1
19025,0
19026,0
19027,1
19028,0
19029,0
19030,0
19031,0
19032,1
19033,0
19034,0
19035,0
19036,1
19037,0
19038,1
19039,0
19040,0
19041,0
19042,0
19043,0
19044,0
19045,0
19046,0
19047,1
19048,0
19049,0
19050,1
19051,0
19052,1
19053,0
19054,0
19055,0
19056,1
19057,1
19058,0
19059,0
19060,1
19061,0
19062,0
19063,0
19064,1
19065,1
19066,0
19067,0
19068,0
19069,0
19070,1
19071,0
19072,0
19073,0
19074,1
19075,0
19076,0
19077,0
19078,0
19079,1
19080,1
19081,0
19082,0
19083,0
19084,0
19085,0
19086,0
19087,0
19088,0
19089,0
19090,1
19091,0
19092,0
19093,0
19094,1
19095,0
19096,0
19097,0
19098,1
19099,0
19100,1
19101,1
19102,0
19103,0
19104,0
19105,0
19106,0
19107,0
19108,0
19109,0
19110,0
19111,1
19112,0
19113,0
19114,0
19115,1
19116,0
19117,0
19118,0
19119,0
19120,0
19121,0
19122,0
19123,0
19124,0
19125,0
19126,0
19127,0
19128,0
19129,0
19130,0
19131,0
19132,0
19133,0
19134,0
19135,0
19136,0
19137,0
19138,0
19139,0
19140,0
19141,0
19142,0
19143,0
19144,0
19145,0
19146,0
19147,1
19148,1
19149,0
19150,0
19151,1
19152,0
19153,0
19154,1
19155,0
19156,0
19157,0
19158,0
19159,0
19160,0
19161,0
19162,0
19163,0
19164,0
19165,0
19166,0
19167,1
19168,1
19169,0
19170,0
19171,0
19172,1
19173,0
19174,0
19175,0
19176,0
19177,0
19178,0
19179,0
19180,0
19181,1
19182,0
19183,0
19184,0
19185,1
19186,0
19187,0
19188,0
19189,1
19190,1
19191,0
19192,1
19193,0
19194,0
19195,0
19196,0
19197,0
19198,0
19199,0
19200,1
19201,0
19202,0
19203,0
19204,0
19205,0
19206,0
19207,0
19208,0
19209,0
19210,0
19211,0
19212,1
19213,0
19214,0
19215,0
19216,0
19217,1
19218,0
19219,1
19220,0
19221,0
19222,1
19223,1
19224,0
19225,0
19226,0
19227,0
19228,0
19229,0
19230,0
19231,0
19232,0
19233,0
19234,0
19235,0
19236,0
19237,0
19238,0
19239,1
19240,0
19241,0
19242,0
19243,0
19244,1
19245,1
19246,1
19247,1
19248,0
19249,0
19250,0
19251,0
19252,0
19253,1
19254,0
19255,1
19256,0
19257,0
19258,0
19259,0
19260,0
19261,0
19262,0
19263,0
19264,0
19265,1
19266,0
19267,1
19268,0
19269,0
19270,0
19271,0
19272,0
19273,0
19274,0
19275,0
19276,0
19277,0
19278,0
19279,0
19280,1
19281,0
19282,0
19283,0
19284,0
19285,0
19286,0
19287,0
19288,1
19289,0
19290,1
19291,0
19292,1
19293,0
19294,0
19295,0
19296,1
19297,0
19298,0
19299,1
19300,0
19301,0
19302,0
19303,1
19304,0
19305,1
19306,0
19307,0
19308,0
19309,0
19310,0
19311,0
19312,0
19313,0
19314,1
19315,0
19316,0
19317,1
19318,0
19319,0
19320,0
19321,0
19322,0
19323,0
19324,0
19325,0
19326,0
19327,0
19328,0
19329,1
19330,0
19331,0
19332,0
19333,0
19334,0
19335,1
19336,0
19337,0
19338,0
19339,1
19340,0
19341,0
19342,1
19343,0
19344,0
19345,0
19346,0
19347,0
19348,0
19349,0
19350,0
19351,0
19352,0
19353,0
19354,1
19355,0
19356,0
19357,1
19358,0
19359,0
19360,0
19361,0
19362,1
19363,0
19364,0
19365,0
19366,0
19367,0
19368,0
19369,0
19370,1
19371,0
19372,0
19373,0
19374,1
19375,1
19376,0
19377,0
19378,1
19379,1
19380,0
19381,0
19382,0
19383,0
19384,0
19385,0
19386,0
19387,0
19388,0
19389,0
19390,0
19391,1
19392,0
19393,0
19394,0
19395,1
19396,0
19397,0
19398,0
19399,1
19400,0
19401,0
19402,0
19403,0
19404,0
19405,0
19406,0
19407,0
19408,0
19409,0
19410,0
19411,0
19412,0
19413,0
19414,0
19415,1
19416,0
19417,0
19418,1
19419,0
19420,0
19421,0
19422,0
19423,0
19424,1
19425,0
19426,0
19427,0
19428,0
19429,0
19430,1
19431,1
19432,0
19433,0
19434,0
19435,0
19436,0
19437,1
19438,0
19439,0
19440,0
19441,0
19442,1
19443,0
19444,0
19445,0
19446,0
19447,0
19448,1
19449,0
19450,0
19451,0
19452,0
19453,0
19454,1
19455,0
19456,1
19457,0
19458,0
19459,0
19460,0
19461,0
19462,0
19463,0
19464,1
19465,0
19466,0
19467,0
19468,0
19469,1
19470,0
19471,0
19472,0
19473,0
19474,1
19475,0
19476,0
19477,0
19478,0
19479,0
19480,0
19481,0
19482,0
19483,0
19484,0
19485,0
19486,0
19487,0
19488,0
19489,0
19490,0
19491,0
19492,0
19493,1
19494,0
19495,0
19496,0
19497,0
19498,0
19499,0
19500,1
19501,0
19502,0
19503,0
19504,1
19505,0
19506,0
19507,0
19508,0
19509,0
19510,1
19511,0
19512,1
19513,1
19514,0
19515,0
19516,0
19517,0
19518,0
19519,0
19520,0
19521,1
19522,0
19523,0
19524,0
19525,0
19526,0
19527,0
19528,0
19529,1
19530,0
19531,0
19532,0
19533,1
19534,0
19535,0
19536,0
19537,0
19538,1
19539,0
19540,0
19541,0
19542,1
19543,0
19544,0
19545,0
19546,0
19547,0
19548,0
19549,0
19550,0
19551,1
19552,0
19553,0
19554,1
19555,0
19556,0
19557,1
19558,0
19559,0
19560,0
19561,0
19562,1
19563,0
19564,0
19565,1
19566,0
19567,0
19568,0
19569,0
19570,0
19571,0
19572,0
19573,0
19574,0
19575,0
19576,0
19577,0
19578,0
19579,0
19580,0
19581,0
19582,0
19583,0
19584,0
19585,0
19586,0
19587,1
19588,1
19589,0
19590,0
19591,0
19592,0
19593,0
19594,0
19595,0
19596,0
19597,0
19598,1
19599,0
19600,0
19601,1
19602,0
19603,0
19604,1
19605,0
19606,0
19607,0
19608,1
19609,0
19610,0
19611,0
19612,1
19613,0
19614,0
19615,1
19616,1
19617,1
19618,0
19619,0
19620,0
19621,1
19622,0
19623,0
19624,0
19625,0
19626,0
19627,1
19628,0
19629,1
19630,1
19631,0
19632,0
19633,1
19634,0
19635,0
19636,0
19637,0
19638,0
19639,1
19640,1
19641,1
19642,1
19643,0
19644,1
19645,1
19646,0
19647,1
19648,0
19649,1
19650,1
19651,0
19652,1
19653,1
19654,1
19655,0
19656,0
19657,1
19658,0
19659,0
19660,0
19661,0
19662,0
19663,0
19664,0
19665,0
19666,0
19667,1
19668,1
19669,0
19670,0
19671,0
19672,0
19673,0
19674,1
19675,1
19676,0
19677,0
19678,0
19679,0
19680,1
19681,1
19682,0
19683,0
19684,0
19685,0
19686,1
19687,0
19688,0
19689,0
19690,0
19691,0
19692,0
19693,0
19694,0
19695,0
19696,0
19697,0
19698,0
19699,0
19700,0
19701,0
19702,0
19703,0
19704,1
19705,1
19706,0
19707,0
19708,0
19709,1
19710,0
19711,0
19712,0
19713,0
19714,0
19715,0
19716,0
19717,1
19718,0
19719,1
19720,0
19721,0
19722,0
19723,0
19724,0
19725,0
19726,0
19727,0
19728,0
19729,0
19730,0
19731,0
19732,1
19733,1
19734,0
19735,0
19736,0
19737,0
19738,0
19739,0
19740,0
19741,0
19742,1
19743,0
19744,1
19745,0
19746,0
19747,0
19748,0
19749,0
19750,0
19751,0
19752,0
19753,0
19754,0
19755,1
19756,1
19757,0
19758,0
19759,1
19760,1
19761,0
19762,0
19763,1
19764,0
19765,0
19766,0
19767,0
19768,0
19769,0
19770,1
19771,0
19772,0
19773,0
19774,0
19775,1
19776,0
19777,0
19778,0
19779,0
19780,0
19781,0
19782,0
19783,0
19784,0
19785,0
19786,0
19787,0
19788,0
19789,0
19790,0
19791,0
19792,0
19793,1
19794,0
19795,0
19796,0
19797,0
19798,0
19799,0
19800,1
19801,1
19802,0
19803,1
19804,0
19805,1
19806,0
19807,1
19808,0
19809,0
19810,0
19811,0
19812,0
19813,0
19814,0
19815,0
19816,0
19817,0
19818,1
19819,0
19820,0
19821,0
19822,0
19823,0
19824,0
19825,0
19826,0
19827,0
19828,0
19829,0
19830,0
19831,0
19832,0
19833,0
19834,0
19835,0
19836,1
19837,0
19838,1
19839,0
19840,0
19841,0
19842,0
19843,0
19844,1
19845,0
19846,0
19847,0
19848,0
19849,1
19850,1
19851,0
19852,0
19853,0
19854,0
19855,0
19856,1
19857,0
19858,0
19859,1
19860,1
19861,0
19862,0
19863,0
19864,0
19865,0
19866,0
19867,1
19868,0
19869,0
19870,0
19871,0
19872,0
19873,0
19874,0
19875,1
19876,1
19877,0
19878,1
19879,0
19880,0
19881,0
19882,0
19883,0
19884,0
19885,0
19886,0
19887,0
19888,1
19889,0
19890,1
19891,0
19892,0
19893,1
19894,0
19895,0
19896,1
19897,0
19898,0
19899,1
19900,0
19901,1
19902,1
19903,0
19904,0
19905,0
19906,0
19907,0
19908,1
19909,0
19910,1
19911,0
19912,1
19913,0
19914,0
19915,0
19916,0
19917,0
19918,0
19919,0
19920,0
19921,0
19922,0
19923,1
19924,0
19925,0
19926,0
19927,1
19928,1
19929,0
19930,0
19931,0
19932,0
19933,1
19934,1
19935,0
19936,0
19937,0
19938,0
19939,0
19940,0
19941,0
19942,0
19943,0
19944,1
19945,0
19946,0
19947,0
19948,0
19949,0
19950,0
19951,0
19952,0
19953,1
19954,0
19955,0
19956,0
19957,0
19958,0
19959,0
19960,1
19961,0
19962,0
19963,0
19964,0
19965,1
19966,0
19967,0
19968,0
19969,0
19970,0
19971,0
19972,0
19973,0
19974,1
19975,1
19976,0
19977,1
19978,0
19979,0
19980,0
19981,0
19982,0
19983,0
19984,1
19985,0
19986,0
19987,1
19988,0
19989,0
19990,0
19991,0
19992,1
19993,0
19994,0
19995,0
19996,0
19997,0
19998,0
19999,0
